mediaId,mediaName,type,mediaMainCategory,mediaSubCategory,legacySubCategory,mediaClass,nameOnlyClass,monthlyCap,isActive,location
cmrt38lsj000809ia823w6e6d,김포공항 국내선 1층 도착장 격리 대합실 라이트박스 광고,static,transit,airport,공항 라이트박스,airport,airport,10000000,true,서울 강서구 하늘길 112 김포국제공항 국내선 1층 도착장 격리 대합실
cmrt2wpdl000o04lbh9fv2q2z,김포공항 국내선 1층 도착장 격리 대합실 라이트박스 광고,static,transit,airport,공항 라이트박스,airport,airport,10000000,true,서울 강서구 하늘길 112 김포국제공항 국내선 1층 도착장 격리 대합실 동편
cmrt3dlwr000p04l2lby9uj96,김포공항 국내선 1층 도착장 격리 대합실 라이트박스 광고,static,transit,airport,공항 라이트박스,airport,airport,10000000,true,서울 강서구 하늘길 112 김포국제공항 국내선 1층 도착장 격리 대합실
cmrt3flw8000104l2mcllwjw1,김포공항 국내선 1층 도착장 격리 대합실 라이트박스 광고,static,transit,airport,공항 라이트박스,airport,airport,10000000,true,서울 강서구 하늘길 112 김포국제공항 국내선 1층 도착장 격리 대합실
cmrt3byy1001k09iakw9hjo4h,김포공항 국내선 1층 도착장 격리 대합실 라이트박스 광고,static,transit,airport,공항 라이트박스,airport,airport,10000000,true,서울 강서구 하늘길 112 김포국제공항 국내선 1층 도착장 격리 대합실
cmrt2zlja000104l4xvi2o38z,김포공항 국내선 1층 도착장 격리 대합실 라이트박스 광고,static,transit,airport,공항 라이트박스,airport,airport,10000000,true,서울 강서구 하늘길 112 김포국제공항 국내선 1층 도착장 격리 대합실 서편
cmrt1nn6f000504jrm91hdqyx,김포공항 국내선 1층 도착장 격리 대합실 캐로셀+사각기둥 PKG 광고,digital,transit,airport,공항 디지털 LED,airport,airport,10000000,true,서울 강서구 하늘길 112 김포국제공항 국내선 1층 도착장 격리 대합실
cmrt1x0nv000y04i6lqj7v8lu,김포공항 국내선 1층 도착장 일반 대합실 사각기둥 PKG 광고,digital,transit,airport,공항 디지털 LED,airport,airport,10000000,true,서울 강서구 하늘길 112 김포국제공항 국내선 1층 도착장 일반 대합실
cmrt3gvbo000104jr7mcmwvwo,김포공항 국내선 1층 도착장 출구 라이트박스 광고,static,transit,airport,공항 라이트박스,airport,airport,10000000,true,서울 강서구 하늘길 112 김포국제공항 국내선 1층 도착장 출구 동편
cmrt3iac4000p04jrw7oihrbx,김포공항 국내선 1층 도착장 출구 라이트박스 광고,static,transit,airport,공항 라이트박스,airport,airport,10000000,true,서울 강서구 하늘길 112 김포국제공항 국내선 1층 도착장 출구 서편
cmrt206ee001b04ldzcatfifa,김포공항 국내선 1층 지하철 연결 E/S 상단 디지털 와이드칼라 광고,digital,transit,airport,공항 디지털 LED,airport,subway_light,10000000,true,서울 강서구 하늘길 112 김포국제공항 국내선 1층 지하철 연결통로
cmrt3jjv0001b04jr35zwzmzl,김포공항 국내선 2층 도착장 이동통로 라이트박스 광고,static,transit,airport,공항 라이트박스,airport,airport,10000000,true,서울 강서구 하늘길 112 김포국제공항 국내선 2층 도착장 이동통로
cmrt3lewk000r04jxw1uk1cq8,김포공항 국내선 2층 도착장 이동통로 라이트박스 광고,static,transit,airport,공항 라이트박스,airport,airport,10000000,true,서울 강서구 하늘길 112 김포국제공항 국내선 2층 도착장 이동통로
cmrt22chl001504l44bgup5gq,김포공항 국내선 2층 도착장 이동통로 LED PKG 광고,digital,transit,airport,공항 디지털 LED,airport,airport,10000000,true,서울 강서구 하늘길 112 김포국제공항 국내선 2층 도착장 이동통로
cmrt2bvhv003604l4tpwb4zt5,김포공항 국내선 3층 출발장 격리 대합실 디지털 와이드칼라 PKG 광고,digital,transit,airport,공항 디지털 LED,airport,airport,10000000,true,서울 강서구 하늘길 112 김포국제공항 국내선 3층 출발장 격리 대합실
cmrt26c6f001r04i6g7c87gwf,김포공항 국내선 3층 출발장 격리 대합실 랜드마크 미디어 광고,digital,transit,airport,공항 디지털 LED,airport,airport,10000000,true,서울 강서구 하늘길 112 김포국제공항 국내선 3층 출발장 격리 대합실
cmrt29ble003404l46pc8507q,김포공항 국내선 3층 출발장 격리 대합실 상단 LED PKG 광고,digital,transit,airport,공항 디지털 LED,airport,airport,10000000,true,서울 강서구 하늘길 112 김포국제공항 국내선 3층 출발장 격리 대합실
cmrt24ue2002d04l4n3m6orlj,김포공항 국내선 3층 출발장 일반 대합실 디지털 와이드칼라 PKG 광고,digital,transit,airport,공항 디지털 LED,airport,airport,10000000,true,서울 강서구 하늘길 112 김포국제공항 국내선 3층 출발장 일반 대합실
cmrt2s5cj000l04lb2cl04m6j,김포공항 국내선 지하연결통로 랜드마크 미디어  광고,digital,transit,airport,공항 디지털 LED,airport,airport,10000000,true,서울 강서구 하늘길 112 김포국제공항 국내선 지하연결통로
cmrt2iuw8002304i6vp6w7hsj,김포공항 국제선 1층 도착장 격리 대합실 대형스크린 광고,digital,transit,airport,공항 디지털 LED,airport,airport,10000000,true,서울 강서구 하늘길 112 김포국제공항 국제선 1층 도착장 격리 대합실
cmrt2dmsg000104l9my1k54w6,김포공항 국제선 1층 도착장 격리 대합실 캐로셀 PKG 광고,digital,transit,airport,공항 디지털 LED,airport,airport,10000000,true,서울 강서구 하늘길 112 김포국제공항 국제선 1층 도착장 격리 대합실
cmrt2f3xq000704jvgziek3jx,김포공항 국제선 1층 도착장 일반 대합실 사각기둥 PKG 광고,digital,transit,airport,공항 디지털 LED,airport,airport,10000000,true,서울 강서구 하늘길 112 김포국제공항 국제선 1층 도착장 일반 대합실
cmrt2hclc001y04jp3ayl3oek,김포공항 국제선 1층 도착장 출구 와이드 스크린 광고,digital,transit,airport,공항 디지털 LED,airport,airport,10000000,true,서울 강서구 하늘길 112 김포국제공항 국제선 1층 도착장 출구
cmrt2kass003b04i63sxlqa4v,김포공항 국제선 2층 출발장 일반 대합실 디지털 배너 PKG 광고,digital,transit,airport,공항 디지털 LED,airport,airport,10000000,true,서울 강서구 하늘길 112 김포국제공항 국제선 2층 출발장 일반 대합실
cmrt2n1xo000o04lahsa931mf,김포공항 국제선 3층 출발장 격리 대합실 상단 와이드스크린 광고,digital,transit,airport,공항 디지털 LED,airport,airport,10000000,true,서울 강서구 하늘길 112 김포국제공항 국제선 3층 출발장 격리 대합실
cmrt2pii0000m04joi6yoxo5w,김포공항 국제선 3층 출발장 격리 대합실 서편 벽면 LED 광고,digital,transit,airport,공항 디지털 LED,airport,airport,10000000,true,서울 강서구 하늘길 112 김포국제공항 국제선 3층 출발장 격리 대합실
cmrt3nq7b000s04jxc5wuykpf,김포공항 국제선 3층 출발장 격리 대합실(X-Ray 검색대) 라이트박스 광고,static,transit,airport,공항 라이트박스,airport,airport,10000000,true,서울 강서구 하늘길 112 김포국제공항 국제선 3층 출발장 격리 대합실 (X-Ray 검색대)
cmrt2lf3g000104lah9s0f760,김포공항 국제선 3층 출발장 일반 대합실 랜드마크 미디어 PKG 광고,digital,transit,airport,공항 디지털 LED,airport,airport,10000000,true,서울 강서구 하늘길 112 김포국제공항 국제선 3층 출발장 일반 대합실
cmrt2vdb0000a04l78s431msx,김포공항 국제선 지하연결통로 디지털 기둥 LCD 광고,digital,transit,airport,공항 디지털 LED,airport,airport,10000000,true,서울 강서구 하늘길 112 김포국제공항 국제선 지하연결통로
cmrt3pgha000q04l7mgfx0793,김포공항 국제선 지하연결통로 라이트박스 광고,static,transit,airport,공항 라이트박스,airport,airport,10000000,true,서울 강서구 하늘길 112 김포국제공항 국제선 지하연결통로
cmrt2tx5l000804l7oj6zp11k,김포공항 국제선 지하연결통로 롯데몰 LED 광고,digital,transit,airport,공항 디지털 LED,airport,airport,10000000,true,서울 강서구 하늘길 112 김포국제공항 국제선 지하연결통로 (롯데몰 앞)
cmrt3x81j000a0ai2n6bw5005,김포공항 TV전시대 LIGHT BOX 광고,static,transit,airport,공항 라이트박스,airport,airport,10000000,true,서울 강서구 하늘길 112 김포국제공항 국제선 1~3층
cms4vx7fe000904jo2kzchcof,김해국제공항 진입로 광고,static,transit,airport,전광판,airport,airport,10000000,true,부산광역시 강서구 공항진입로 (김해국제공항 진출입로)
cmp0s3jby000204jxwc3kgllo,대구 국제공항 2층 출발장 보안검색 바구니 광고,static,transit,airport,공항 보안검색 바구니,airport,airport,10000000,true,대구광역시 동구 공항로 221 대구국제공항 2층 출발장 보안검색 구역
cmp0s58ou000404kty3ncswwp,대구 국제공항 국내선 2층 격리대합실 사각기둥 광고,digital,transit,airport,공항 격리대합실 사각기둥,airport,airport,10000000,true,"대구광역시 동구 공항로 221 대구국제공항 국내선 2층 격리대합실 사각기둥 11,12"
cmp0s5qz9000404jxxq1ve1su,대구 국제공항 도착장 멀티비전 광고,digital,transit,airport,멀티비전,airport,airport,10000000,true,대구광역시 동구 공항로 221 대구국제공항 1층 도착장 멀티비전
cmp0s2i8b000004jxap4ok8ci,대구 국제공항 카트 광고,static,transit,airport,공항 카트,airport,airport,10000000,true,대구광역시 동구 공항로 221 대구국제공항
cmp0s40za000004kvvluhlp8p,대구국제공항 대합실 TV 스탠드 광고,digital,transit,airport,공항 대합실 TV 스탠드,airport,airport,10000000,true,대구 동구 공항로 221 대구국제공항 대합실
cmrlyb71o000004jm7j8b0tsu,에어부산 국제선 탑승권 후면 광고,static,transit,inflight,항공 탑승권 광고,airport,static_other,10000000,true,에어부산 국제선 탑승권 (전 노선)
cmrm0izis000109l0qmxawp0m,에어부산 기내 사이드월 패널 광고,static,transit,inflight,기내 사이드월 패널,airport,static_other,10000000,true,에어부산 전 항공기 기내 측면 벽
cmrlzvqhh000a04kwnaxrsv22,에어부산 기내 샘플 증정,static,transit,inflight,기내 샘플 증정,airport,static_other,10000000,true,에어부산 전 항공기 기내
cmrm0clin000404k10744z4ap,에어부산 기내 윈도우 미디어 광고,static,transit,inflight,기내 윈도우 미디어,airport,static_other,10000000,true,에어부산 전 항공기 기내 창문
cmrm0xl6k000204jy1un9gwrw,에어부산 기내 트레이 테이블 광고,static,transit,inflight,기내 트레이 테이블,airport,static_other,10000000,true,에어부산 전 항공기 기내 트레이 테이블
cmrlzusu6000704kw28nuhi0a,에어부산 기내지 FLY&FUN 광고,static,transit,inflight,기내지 광고,airport,static_other,10000000,true,에어부산 전 항공기 기내
cmrlz4v2l000104jmqd142nxa,에어부산 항공기 외부 랩핑 광고,mobile,transit,inflight,항공기 외부 랩핑,airport,static_other,10000000,true,에어부산 항공기 (전 기종)
cmqrvanaa000104kwitn49xax,인천공항 국제선 T1 키로뷰 광고,digital,transit,airport,키오스크 영상광고,airport,airport,10000000,true,인천 중구 공항로 272 인천국제공항 제1여객터미널 (일반구역 + 면세구역)
cmqrvefua00010ajgb2ra6gal,인천공항 국제선 T2 키로뷰 광고,digital,transit,airport,키오스크 영상광고,airport,airport,10000000,true,인천 중구 제2터미널대로 446 인천국제공항 제2여객터미널 (일반구역 + 면세구역)
cmp01jjvo000204jx05hgr5u6,인천공항 T1 미디어타워 광고,digital,transit,airport,공항 디지털 LED,airport,airport,10000000,true,인천광역시 중구 공항로 272 인천국제공항 제1여객터미널 3층 출국장 중앙
cmrtabuje000804kyxgih8hjn,인천공항 T1 센터 브릿지 광고,digital,transit,airport,공항 디지털 LED,airport,airport,10000000,true,인천광역시 중구 공항로 272 인천국제공항 제1여객터미널 3층 면세구역 중앙
cmp01tkc6000004labmfsdbe1,인천공항 T1 센터 스퀘어 광고,digital,transit,airport,공항 디지털 LED,airport,airport,10000000,true,인천광역시 중구 공항로 272 인천국제공항 제1여객터미널 3층 출국장 중앙
cmrtbcec4001e04jrtkli5ogv,인천공항 T1 셔틀트레인 포스터 광고,static,transit,airport,공항 포스터,airport,airport,10000000,true,인천광역시 중구 공항로 272 인천국제공항 셔틀트레인 내부
cmrtavujd000l04jrvnaa0roc,인천공항 T1 엔트리 사이드 광고,digital,transit,airport,공항 디지털 LED,airport,airport,10000000,true,인천광역시 중구 공항로 272 인천국제공항 제1여객터미널 3층 면세구역 동·서편 엔트리 사이드
cmp27p4oy000004i5j1mg5rku,인천공항 T1 엔트리 사이드 광고,digital,transit,airport,공항 디지털 LED,airport,airport,10000000,true,인천광역시 중구 공항로 272 인천국제공항 제1여객터미널 3층 면세구역 동·서편 엔트리 사이드
cmp01r0to000204l7xpbeq728,인천공항 T1 엔틀러 광고,digital,transit,airport,공항 디지털 LED,airport,airport,10000000,true,인천광역시 중구 공항로 272 인천국제공항 제1여객터미널 3층 면세구역 동·서편 엔트리
cmrtajkrw000204l4hgduqrej,인천공항 T1 엔틀러 브릿지 광고,digital,transit,airport,공항 디지털 LED,airport,airport,10000000,true,인천광역시 중구 공항로 272 인천국제공항 제1여객터미널 3층 면세구역 동·서편
cmrtamqyk000c09i0zmplqavs,인천공항 T1 엔틀러 브릿지(R) 광고,digital,transit,airport,공항 디지털 LED,airport,airport,10000000,true,인천광역시 중구 공항로 272 인천국제공항 제1여객터미널 3층 면세구역 동·서편
cmp01h6tk000404l5lwgdofvm,인천공항 T1 월컴 미디어 광고,digital,transit,airport,공항 디지털 LED,airport,airport,10000000,true,인천광역시 중구 공항로 272 인천국제공항 제1여객터미널 1층 수하물 인도장
cmp01fr8b000004kz8trce8bq,인천공항 T1 월컴 브릿지 광고,digital,transit,airport,공항 디지털 LED,airport,airport,10000000,true,인천광역시 중구 공항로 272 인천국제공항 제1여객터미널 1층 출구 브릿지
cmp01lb30000004l1a32ebn6d,인천공항 T1 체크인 스퀘어 광고,digital,transit,airport,공항 디지털 LED,airport,airport,10000000,true,인천광역시 중구 공항로 272 인천국제공항 제1여객터미널 3층 출국장
cmrtaz8ms00040akfdsiiynb7,인천공항 T1 캐로셀 네트워크 광고,digital,transit,airport,공항 디지털 LED,airport,airport,10000000,true,인천광역시 중구 공항로 272 인천국제공항 제1여객터미널 1층 수하물 인도장
cmrtb86im000204l4h9dockxe,인천공항 T1 탑승동 미디어 광고,digital,transit,airport,공항 디지털 LED,airport,airport,10000000,true,인천광역시 중구 공항로 272 인천국제공항 탑승동 1층 이동통로
cmrtb5e1u000n04jr0txar7j9,인천공항 T1 탑승동 미디어월 광고,digital,transit,airport,공항 디지털 LED,airport,airport,10000000,true,인천광역시 중구 공항로 272 인천국제공항 탑승동 2층 보딩게이트 앞
cmp26x0g5000004jrplv5qpwn,인천공항 T1 트윈타워 광고,digital,transit,airport,공항 디지털 LED,airport,airport,10000000,true,인천광역시 중구 공항로 272 인천국제공항 제1여객터미널 3층 출국장 중앙
cmrta0iyu000604jp69iap00l,인천공항 T1 프로모션 광고,static,transit,airport,공항 프로모션,airport,airport,10000000,true,인천광역시 중구 공항로 272 인천국제공항 제1여객터미널 3층 출국장 중앙
cmrtb9wg4001d04jr7nebiw6j,인천공항 T1 플랫폼 LED (셔틀트레인 대기장소) 광고,digital,transit,airport,공항 디지털 LED,airport,airport,10000000,true,인천광역시 중구 공항로 272 인천국제공항 셔틀트레인 대기장소
cmokdw4hv000204jr73i3k86r,인천공항 T2 미디어아트 광고,digital,transit,airport,공항 디지털 LED,airport,airport,10000000,true,인천광역시 중구 공항로 272 인천국제공항 제2여객터미널 3층 출국장 상단
cmokd3izi000004jo01htyag9,인천공항 T2 브릿지 광고,digital,transit,airport,공항 디지털 LED,airport,airport,10000000,true,인천광역시 중구 공항로 272 인천국제공항 제2여객터미널 3층 면세구역 중앙
cmokdndn9000004jmpqbjexjc,인천공항 T2 빅스퀘어 광고,digital,transit,airport,공항 디지털 LED,airport,airport,10000000,true,인천광역시 중구 공항로 272 인천국제공항 제2여객터미널 3층 면세구역 동편
cmokdric4000004lgqn0unkfc,인천공항 T2 센터스퀘어 광고,digital,transit,airport,공항 디지털 LED,airport,airport,10000000,true,인천광역시 중구 공항로 272 인천국제공항 제2여객터미널 3층 출국장 중앙
cmokdkqkp000004jyotnkpv5h,인천공항 T2 스폰서 미디어 광고,digital,transit,airport,공항 디지털 LED,airport,airport,10000000,true,인천광역시 중구 공항로 272 인천국제공항 제2여객터미널 3층 면세구역 중앙
cmokcrlqk000004l26wcjkpbn,인천공항 T2 웰컴미디어 광고,digital,transit,airport,공항 디지털 LED,airport,airport,10000000,true,인천광역시 중구 공항로 272 인천국제공항 제2여객터미널 1층 환영객홀
cmrpziv05000004ib6eyjx30k,인천공항 T2 웰컴미디어월 광고,digital,transit,airport,공항 디지털 LED,airport,airport,10000000,true,인천광역시 중구 공항로 272 인천국제공항 제2여객터미널 2층 도착층 입국장
cmokd0wie000404l1c1fy99s5,인천공항 T2 캐로셀 네트워크 광고,digital,transit,airport,공항 디지털 LED,airport,airport,10000000,true,인천광역시 중구 공항로 272 인천국제공항 제2여객터미널 1층 수하물 인도장
cmrtbq0mb000504lawvihn7eq,인천공항 T2 프로모션 광고,static,transit,airport,공항 프로모션,airport,airport,10000000,true,인천광역시 중구 공항로 272 인천국제공항 제2여객터미널 3층 면세구역
cmokduapm000004jreheydvdj,인천공항 T2 프리미엄스퀘어 광고,digital,transit,airport,공항 디지털 LED,airport,airport,10000000,true,인천광역시 중구 공항로 272 인천국제공항 제2여객터미널 3층 면세구역
cmp27id76000004l4znxniiz7,인천국제공항 제1터미널 센터브릿지 광고,static,transit,airport,공항 Antler Bridge,airport,airport,10000000,false,인천광역시 중구 공항로 271 (면세점 쇼핑 구역) (Center Bridge)
cmqruwydr00010bj8vetag2sj,인천국제공항 키로뷰 Full Package 광고,digital,transit,airport,키오스크 영상광고,airport,airport,10000000,true,인천 중구 공항로 272 인천국제공항 제1·제2여객터미널 (일반구역 + 면세구역)
cmqa7mm2x000104lbnnn4rn6m,제주공항 1층 도착장 라이트박스 광고 (LB-01),static,transit,airport,라이트박스,airport,airport,10000000,true,제주특별자치도 제주시 공항로 2 제주국제공항 1층 도착장
cmqa89ys3000g04laexgq6r7t,제주공항 2층 면세점 라이트박스 광고,static,transit,airport,라이트박스,airport,airport,10000000,true,제주특별자치도 제주시 공항로 2 제주국제공항 2층 JDC 면세점 구간
cmqa8ejxd000004lacybzvzho,"제주공항 3층 출발장 라이트박스 광고(LB-09, LB-10)",static,transit,airport,라이트박스,airport,airport,10000000,true,제주특별자치도 제주시 공항로 2 제주국제공항 3층 출발장
cmqa8uayk000004if5mo3208k,제주공항 프로모션 존 광고,static,transit,airport,디지털 시그니지,airport,airport,10000000,true,제주특별자치도 제주시 공항로 2 제주국제공항 2층 JDC 면세점
cmqa8jogg000b04lapfs3omr9,제주공항 TV전시대 라이트박스 광고,static,transit,airport,라이트박스,airport,airport,10000000,true,제주특별자치도 제주시 공항로 2 제주국제공항 1~3층
cmp3vb0q9000204kzu575iq32,(광역) 경기 버스 내부 파노라마 광고,mobile,transit,bus_interior,버스 내부 파노라마,bus_exterior,bus_exterior,2000000,true,경기도 광역버스 노선
cmp3oel3d00021jjk0lbp1u75,(광역) 경기 버스 외부 광고,mobile,transit,bus_exterior,버스 외부 래핑,bus_exterior,bus_exterior,2000000,true,서울·경기도 광역버스 노선
cmp3vahjk000204jrc8b97d7y,(지선) 경기 버스 내부 파노라마 광고,mobile,transit,bus_interior,버스 내부 파노라마,bus_exterior,bus_exterior,2000000,true,경기도 지선버스 노선
cmp3ny83f00001jjkucdrzl7q,(지선) 경기 버스 외부 광고,mobile,transit,bus_exterior,버스 외부 래핑,bus_exterior,bus_exterior,2000000,true,경기도 전역 지선버스 노선
cmp3uulqi000004lb9uwuuspg,(A권역) 서울 버스 외부 광고,mobile,transit,bus_exterior,버스 외부 래핑,bus_exterior,bus_exterior,2000000,true,서울 전역 주요 간선도로 버스 노선
cmp3u6zta00061jjksoe03iv3,(B권역) 서울 버스 외부 광고,mobile,transit,bus_exterior,버스 외부 래핑,bus_exterior,bus_exterior,2000000,true,서울 전역 주요 간선도로 버스 노선
cms40wyaq000t04l7scpmikbg,45인승 2층 버스 래핑 광고,mobile,transit,vehicle_wrap,버스랩핑,bus_exterior,bus_exterior,2000000,true,서울 운행 (강남구·홍대입구·성수 등 지정 지역)
cmptklfa7000104jxmftxlrt7,45인승 리무진 버스 래핑 광고,mobile,transit,vehicle_wrap,버스랩핑,bus_exterior,bus_exterior,2000000,true,서울·경기·지방 주요 노선 (광고주 선택)
cmp3v9nq7000404l1865x84wf,경기 버스 내부 유리창 프로모션 광고,mobile,transit,bus_interior,버스 내부 유리창,bus_exterior,bus_exterior,2000000,true,경기도 주요 광역버스 노선
cmqkaqs8t000004l5l4p9crkn,경기 G버스 TV 광고,mobile,transit,bus_interior,버스 TV,bus_exterior,bus_exterior,2000000,true,"경기도 전역 + 서울, 인천 통과 버스 노선"
cmqj3tdx1000304l54haj7juo,광주 광역버스 외부광고,mobile,transit,bus_exterior,버스 외부광고,bus_exterior,bus_exterior,2000000,true,"광주 진입 광역버스 노선 (담양, 화순, 함평 등)"
cmqjbizs5000504if1dyoe7oj,광주 시내버스 내부 영상 광고,mobile,transit,bus_interior,버스 내부 모니터 광고,bus_exterior,bus_exterior,2000000,true,"광주광역시 전역 시내버스 노선 (1,044대 운영)"
cmp3uwie0000204lbw1zmrp2l,금호 고속버스 외부 광고,mobile,transit,bus_exterior,버스 외부 래핑,bus_exterior,bus_exterior,2000000,true,전국 금호고속버스 노선
cmqj2yn5l000104l84ppjbbv0,대구 시내버스 외부광고,mobile,transit,bus_exterior,버스 외부광고,bus_exterior,bus_exterior,2000000,true,대구 전역 버스 노선
cmp3ev9u5000004jpiwb5oj69,대전 버스 외부 광고,mobile,transit,bus_exterior,버스 외부 래핑,bus_exterior,bus_exterior,2000000,true,대전광역시 전역 버스 노선 (106노선)
cmqz8nw3c000004legwvfs6dt,도심공항 리무진버스 내부동영상 광고,mobile,transit,bus_interior,공항 리무진 내부 영상광고,bus_exterior,bus_exterior,2000000,true,인천국제공항 ↔ 서울 도심 공항리무진 내부
cmqz8dlro000204l74mpuu8ys,도심공항 리무진버스 외부 광고 (강남),mobile,transit,bus_exterior,공항 리무진 버스 외부광고,bus_exterior,bus_exterior,2000000,true,인천국제공항 ↔ 서울 강남 노선
cmqz8amy6000b04lhvo2ft66a,도심공항 리무진버스 외부 광고 (강북),mobile,transit,bus_exterior,공항 리무진 버스 외부광고,bus_exterior,bus_exterior,2000000,true,인천국제공항 ↔ 서울 강북 노선
cmqz91a0e000104js4dd8i780,도심공항 리무진버스 윈도우스티커 광고,mobile,transit,bus_interior,공항 리무진 윈도우 광고,bus_exterior,bus_exterior,2000000,true,인천국제공항 ↔ 서울 도심 공항리무진 창문
cmqz98w4l000204juaxwqz27x,도심공항 리무진버스 창문상단 광고,mobile,transit,bus_interior,공항 리무진 창문 광고,bus_exterior,bus_exterior,2000000,true,인천국제공항 ↔ 서울 도심 공항리무진 창문상단
cmqz9dlm3000004kz40bnelm7,도심공항 리무진버스 트렁크존 광고,mobile,transit,bus_interior,공항 리무진 후면 광고,bus_exterior,bus_exterior,2000000,true,인천국제공항 ↔ 서울 도심 공항리무진 트렁크존
cmqz954e3000204i9989ts451,도심공항 리무진버스 헤드시트 광고,mobile,transit,bus_interior,공항 리무진 좌석 광고,bus_exterior,bus_exterior,2000000,true,인천국제공항 ↔ 서울 도심 공항리무진 좌석
cms4xck8e000g04ldltcj34al,모바일FLEX 대형 차량 광고,mobile,transit,vehicle_wrap,모바일FLEX,bus_exterior,static_other,2000000,true,"서울특별시 영등포구 선유로 265, 5F (KRAD)"
cms4x6xqo000004jr9umgjtmf,무빙플렉스 (Moving-Flex) 대형 차량 광고,mobile,transit,vehicle_wrap,무빙플렉스,bus_exterior,static_other,2000000,true,"서울특별시 영등포구 선유로 265, 5층 (주)인풍 (운행 노선은 타겟에 따라 가변)"
cmqjcnlpw000004lbr74ccfgw,부산 마을버스 내부광고,mobile,transit,bus_interior,버스 내부광고,bus_exterior,bus_exterior,2000000,true,부산 전역 마을버스 노선
cmqjdrl7c000104l85q0lxcr0,부산 마을버스 외부광고,mobile,transit,bus_exterior,버스 외부광고,bus_exterior,bus_exterior,2000000,true,부산 전역 마을버스 노선
cmqjcgjww000004jxxsp6le5f,부산 시내버스 내부 시트커버 광고,mobile,transit,bus_interior,버스 내부광고,bus_exterior,bus_exterior,2000000,true,부산 전역 시내버스 노선
cmqjd84x1000004joxobzs0w8,부산 시내버스 내부 중앙문 광고,mobile,transit,bus_interior,버스 내부광고,bus_exterior,bus_exterior,2000000,true,부산 전역 시내버스 노선
cmqjdj9yr000104i6kcdcxdt1,부산 시내버스 외부광고,mobile,transit,bus_exterior,버스 외부광고,bus_exterior,bus_exterior,2000000,true,부산 전역 시내버스 노선
cmqjfo8ar000004jv12sudq50,서울 버스 외부 광고 (A권역/B권역),mobile,transit,bus_exterior,버스 외부광고,bus_exterior,bus_exterior,2000000,true,서울 전역 시내버스 노선
cmp3aru5q000004kzxzxwourt,서울 시내 버스 TV 광고,mobile,transit,bus_interior,버스 TV,bus_exterior,bus_exterior,2000000,true,서울 전역 버스 노선
cmqjgaph8000004l1l8lisi2p,서울 시내버스 중앙문 PKG 광고,mobile,transit,bus_interior,버스 내부광고,bus_exterior,bus_exterior,2000000,true,서울 전역 시내버스 노선
cmq9cpmym000204jltw5crun4,서울 택시 상단 영상 광고,mobile,transit,taxi_exterior,택시 상단 모토브,bus_exterior,bus_exterior,2000000,true,서울
cmr9bz5sp001g04l1fse5rrxn,서울법인 브랜드 택시 광고 (독점형),digital,transit,taxi_exterior,독점형 택시 영상 + 랩핑 광고,bus_exterior,bus_exterior,2000000,true,서울 전역 (지역 무관 독점 가능)
cmr9bs2r3000304jyy4lts3ty,서울법인 택시 외부 광고,mobile,transit,taxi_exterior,택시 외부 랩핑 광고,bus_exterior,bus_exterior,2000000,true,"서울 전역 (강남, 광화문, 종로, 홍대, 성수, 이태원 등 주요 상업지구 및 교통시설)"
cmracbp47000804l40z3wcrqa,세종 버스 외부 광고,mobile,transit,bus_exterior,버스 외부 래핑,bus_exterior,bus_exterior,2000000,true,세종특별자치시 전역 버스 노선
cmoiftohh000404jx0bxv87ll,영등포 타임스퀘어 자이언트 아트캔버스 광고,digital,shopping,mall,전광판,bus_exterior,bus_exterior,2000000,true,서울 영등포구 영중로 15
cmofqc5hb000404l581glhkhx,잠실 롯데월드몰 아트캔버스 광고,digital,shopping,mall,전광판,bus_exterior,bus_exterior,2000000,true,서울 송파구 올림픽로 300
cmps682ea00087s2j9jcvcg9j,제주 시내 버스 외부 광고 (일반/리무진),mobile,transit,bus_exterior,버스 외부광고,bus_exterior,bus_exterior,2000000,true,제주특별자치도 제주시 및 서귀포시 전역
cmrl1o96l000104l1dwy24xus,천안·아산 버스 외부 광고,mobile,transit,bus_exterior,버스 외부 광고,bus_exterior,bus_exterior,2000000,true,충남 천안시·아산시 버스 노선 전역
cmp3cfdsy000004jo3v38d9f4,헤스티아 (익스클루시브) 버스 외부 LED 전광판,mobile,transit,bus_exterior,버스 외부 LED,bus_exterior,bus_exterior,2000000,true,"강남 4대도로 (강남대로, 도산대로, 영동대로, 테헤란로) 및 희망 운행 지역 (서울·경기)"
cmqagtgda000404jg1pnhnq74,강남 그린 스마트존 광고 (All In One Package),digital,shelter,digital_shelter,디지털 전광판,bus_shelter,static_other,5000000,true,서울특별시 강남구 도산대로 · 학동로 일대
cmoioq1ky000004jvima0wj2d,건대입구역 스마트쉘터 광고,digital,shelter,digital_shelter,정류장,bus_shelter,bus_shelter,5000000,true,서울 광진구 능동로 지하 110
cmr3iki4p000009j7v4hfu8pn,고속터미널 시내 디지털 쉘터 (22-020) 75인치 LCD,digital,shelter,bus_shelter,버스정류장 디지털 쉘터 DOOH,bus_shelter,bus_shelter,5000000,true,서울 서초구 고속터미널 중앙차로 버스쉘터 시내 방향 (22-020)
cmr3i8muu000804jmc81d7tdh,고속터미널 시외 디지털 쉘터 광고 (22-019) 75인치 LCD,digital,shelter,bus_shelter,버스정류장 디지털 쉘터 DOOH,bus_shelter,bus_shelter,5000000,true,서울 서초구 고속터미널 중앙차로 버스쉘터 시외 방향 (22-019)
cmr3i4jhw000604kz4zjxrtqr,고속터미널 중앙 쉘터 광고 시내 (22-020) 차도면,static,shelter,bus_shelter,버스정류장 차도면 포스터,bus_shelter,bus_shelter,5000000,true,서울 서초구 고속터미널 중앙차로 버스쉘터 시내 방향 (22-020)
cmr3igc0y00010ajjevi41nl6,고속터미널 중앙 쉘터 광고 시외 (22-019) 차도면,static,shelter,bus_shelter,버스정류장 차도면 포스터,bus_shelter,bus_shelter,5000000,true,서울 서초구 고속터미널 중앙차로 버스쉘터 시외 방향 (22-019)
cmqi6gczc000304l45szy54cf,광주 버스쉘터 광고,static,shelter,bus_shelter,버스쉘터,bus_shelter,bus_shelter,5000000,true,광주광역시 동구/서구/남구/북구/광산구 버스 정류장
cmqi5zlxl000004jjra4yncnf,광주 유스퀘어 / KBC 중앙 버스쉘터 광고,static,shelter,bus_shelter,버스쉘터,bus_shelter,bus_shelter,5000000,true,광주광역시 서구 무진대로 904
cmpmip7fl000004ju6113q3tc,구파발역 스마트쉘터 광고,digital,shelter,bus_shelter,스마트쉘터,bus_shelter,bus_shelter,5000000,true,서울 은평구 진관2로 15-40
cmqhzcczb000104juszxjtvdt,대전 버스 쉘터 광고,static,shelter,bus_shelter,버스쉘터,bus_shelter,bus_shelter,5000000,true,대전광역시 내 버스 정류장 쉘터
cmoiovojx000204ldfuoi4pwo,독립문역 스마트쉘터 광고,static,shelter,bus_shelter,정류장,bus_shelter,bus_shelter,5000000,true,서울 서대문구 통일로 251
cmr4nl093000104jmtfyrqe4x,디지털 택시쉘터 광고 (강남 대치동),digital,shelter,digital_shelter,택시쉘터 디지털 DOOH,bus_shelter,bus_shelter,5000000,true,서울 강남구 대치동 1024
cmr4ngm43000004l7w4jjppyw,디지털 택시쉘터 광고 (강남 신사동),digital,shelter,digital_shelter,택시쉘터 디지털 DOOH,bus_shelter,bus_shelter,5000000,true,서울 강남구 신사동 537-8
cmr4nagem000704l52xu5gxgy,디지털 택시쉘터 광고 (용산 한강로),digital,shelter,digital_shelter,택시쉘터 디지털 DOOH,bus_shelter,bus_shelter,5000000,true,서울 용산구 한강로 3가 65-9
cmoioyhzu000004l88tmmtfzx,마곡역 스마트쉘터 광고,digital,shelter,bus_shelter,정류장,bus_shelter,bus_shelter,5000000,true,서울 강서구 마곡서1로 60
cmqit76mb000004l4bwjq16q1,부산 스마트 쉼터형 버스쉘터 광고,static,shelter,bus_shelter,스마트버스쉘터,bus_shelter,bus_shelter,5000000,true,부산광역시 부산진구 서면역·롯데호텔백화점 인근 / 해운대구 센텀시티역·벡스코 인근
cmqitkt21000104l7f31igpr8,부산 BRT 버스쉘터 광고,static,shelter,bus_shelter,BRT버스쉘터,bus_shelter,bus_shelter,5000000,true,"부산광역시 중앙대로, 가야대로 BRT 정류장 일대"
cmoion1kw000004k30ph61ueo,서울시 스마트 쉘터 광고 (홍대입구역),digital,shelter,digital_shelter,정류장,bus_shelter,bus_shelter,5000000,true,서울 마포구 양화로 지하 160
cmr38dci3000204lck0xilwvd,서초 T-Center 경부선 쉘터 광고,digital,shelter,bus_shelter,버스정류장 DOOH 쉘터,bus_shelter,bus_shelter,5000000,true,서울 서초구 고속터미널 경부선 센트럴시티 쉘터
cmr388sc5001d04gyvru56mtw,서초 T-Center 호남선 쉘터 광고,digital,shelter,bus_shelter,버스정류장 DOOH 쉘터,bus_shelter,bus_shelter,5000000,true,서울 서초구 고속터미널 호남선 센트럴시티 쉘터
cmqt77tds00050akhrb5wuh5f,숭례문 스마트쉘터 광고 (래핑),static,shelter,digital_shelter,스마트쉘터,bus_shelter,bus_shelter,5000000,true,서울 중구 세종대로 숭례문 하행 중앙차로 버스정류장 (정류소 ID: 02-008)
cmqt6zp0w000004kynh35zezw,숭례문 스마트쉘터 광고 (영상),digital,shelter,digital_shelter,스마트쉘터,bus_shelter,bus_shelter,5000000,true,서울 중구 세종대로 숭례문 하행 중앙차로 버스정류장 (정류소 ID: 02-008)
cmq9dhabv000204lappy0cbwo,에코큐브 스마트 쉘터 광고 (테헤란로),digital,shelter,digital_shelter,스마트 쉘터,bus_shelter,bus_shelter,5000000,true,서울특별시 강남구 테헤란로 구간 (강남~역삼~선릉~삼성역)
cmocuxv8b000004jpj092tc8k,여의도 환승센터 쉘터 광고,static,shelter,bus_shelter,버스쉘터,bus_shelter,bus_shelter,5000000,true,서울 영등포구 여의도동 여의도환승센터
cmrm688ju000404jxpyc36h9i,이태원 디지털 미디어 블록 광고,digital,shelter,digital_shelter,거리 디지털 미디어 블록,bus_shelter,static_other,5000000,true,서울 용산구 이태원로 일대 (총 12기)
cmqrqmra200000bi6tgfbo3uy,합정역 스마트쉘터 광고 (상·하행),digital,shelter,digital_shelter,스마트쉘터,bus_shelter,bus_shelter,5000000,true,서울 마포구 합정동 402 합정역 스마트쉘터 (홍대·당산방향)
cmqrqvsb700000bjbcpuhmbdo,홍대/합정 스마트쉘터 Full Package 광고,digital,shelter,digital_shelter,스마트쉘터,bus_shelter,bus_shelter,5000000,true,서울 마포구 홍대입구역·합정역 주변 중앙차로 스마트쉘터 (4개소)
cmqrqs8hh00000bhxu7psej98,홍대입구역 스마트쉘터 광고 (상·하행),digital,shelter,digital_shelter,스마트쉘터,bus_shelter,bus_shelter,5000000,true,서울 마포구 동교동 165 홍대입구역 스마트쉘터 (신촌·합정방향)
cmo6fn6g3000404ld8fzds3f2,강남 343 Canvas 빌보드 광고,digital,ooh,billboard,디지털 전광판,dooh_large,static_other,20000000,true,서울 서초구 강남대로 403
cmp86dklz000004kz1i8b8bxb,강남 고속터미널 르본시티빌딩 전광판,digital,ooh,digital_signage,전광판,dooh_large,static_other,20000000,true,서울 서초구 신반포로 162 르본시티빌딩
cmp86e1eq000004jiqkh6c8ms,강남 고속터미널 전광판 광고,digital,ooh,digital_signage,전광판,dooh_large,static_other,20000000,false,서울 서초구 신반포로 194 서울고속버스터미널
cmo6g2wrn000204jqr5609wa9,강남 규정빌딩 전광판 광고 (뉴발란스 빌딩),digital,ooh,digital_signage,디지털 전광판,dooh_large,static_other,20000000,true,서울 강남구 강남대로 412 규정빌딩
cmp7y6sqa000004jrsqzhazmu,강남 글로리강남 전광판 광고,digital,ooh,digital_signage,전광판,dooh_large,static_other,20000000,true,서울특별시 서초구 서초대로74길 3
cmp027fo0000a04l16p2swiio,강남 랜드마크빌딩 전광판 광고,digital,ooh,digital_signage,전광판,dooh_large,static_other,20000000,true,서울 강남구 영동대로 607 랜드마크빌딩
cmp0eidpc000004ibud4wpay8,강남 몬테소리 전광판 광고,digital,ooh,digital_signage,옥상 전광판,dooh_large,static_other,20000000,true,서울특별시 서초구 강남대로 399 THE MONTE GANGNAM
cmof4vznn000004iinaioc6eb,강남 미왕빌딩 전광판 광고,digital,ooh,digital_signage,전광판,dooh_large,static_other,20000000,true,서울 강남구 강남대로 364 미왕빌딩
cmof4noau000004l2wsiuabot,강남 미진프라자 전광판 광고,digital,ooh,digital_signage,전광판,dooh_large,static_other,20000000,true,서울 강남구 강남대로 390 미진프라자
cmo3g31e7000004l2gr0x4hyk,강남 뱅뱅빌딩 전광판 광고,digital,ooh,digital_signage,디지털 전광판,dooh_large,static_other,20000000,true,서울 강남구 강남대로 292 뱅뱅빌딩
cmoefn4zx000004i7jsbn32sx,강남 브라운 성형외과 전광판 광고 (DSG빌딩),digital,ooh,digital_signage,전광판,dooh_large,static_other,20000000,true,서울 서초구 강남대로 475 DSG빌딩
cmo3f0k4a000004k43dss6zft,강남 시그니처 스퀘어 전광판 광고,digital,ooh,digital_signage,디지털 전광판,dooh_large,static_other,20000000,true,서울 강남구 테헤란로 626
cmo6fei36000004l1m01yef2h,강남 우신빌딩 전광판 광고,digital,ooh,digital_signage,디지털 전광판,dooh_large,static_other,20000000,true,서울 서초구 강남대로 445 우신빌딩
cmp021ojt000604l1ken36wh9,강남 원앤원빌딩 전광판 광고,digital,ooh,digital_signage,전광판,dooh_large,static_other,20000000,true,서울 강남구 강남대로 528 원앤원빌딩
cmo6fi649000204l1mh7bx57p,강남 점프밀라노 전광판 광고,digital,ooh,digital_signage,디지털 전광판,dooh_large,static_other,20000000,true,서울 강남구 강남대로 432 강남e스퀘어
cmo3gmiih000004jsmiutrtsj,강남 GI-LIVE 이즈타워 전광판 광고,digital,ooh,digital_signage,디지털 전광판,dooh_large,static_other,20000000,true,서울 강남구 강남대로 390 이즈타워 (강남역 사거리)
cmo3gfj02000204l2qr0zhgrb,강남 HM 타워 전광판 광고,digital,ooh,digital_signage,디지털 전광판,dooh_large,static_other,20000000,true,서울 강남구 강남대로 492 HM-타워
cmp7xwnw8000004jlwswyc2ep,강남구청 성보빌딩 전광판 광고,digital,ooh,digital_signage,전광판,dooh_large,static_other,20000000,true,서울 강남구 언주로 714 성보빌딩
cmp7yyiau000004jqp8bqmfhc,강남대로 GM-LIVE 전광판 광고,digital,ooh,digital_signage,전광판,dooh_large,static_other,20000000,true,서울 강남구 강남대로 438 CGV강남
cmp6hewof000004lacxmyp02m,강릉 옥천오거리 전광판 광고,digital,ooh,digital_signage,옥외 Full-color 전광판,dooh_large,static_other,20000000,true,강원도 강릉시 옥천오거리 옥외전광판
cmp021bj9000404kz9r4e72oi,강서 귀뚜라미빌딩 전광판 광고,digital,ooh,digital_signage,전광판,dooh_large,static_other,20000000,true,"서울특별시 강서구 공항대로 396 (화곡동, 귀뚜라미보일러사옥빌딩)"
cmqg6em2r000c04l50zwklunv,강서구청사거리 베스틴빌딩 전광판 광고,digital,ooh,digital_signage,대형 전광판,dooh_large,static_other,20000000,true,서울특별시 강서구 공항대로 411 베스틴빌딩
cmqg6okft000104l2yh5dll83,강서구청사거리 SJ라벨라 전광판 광고,digital,ooh,digital_signage,대형 전광판,dooh_large,static_other,20000000,true,서울특별시 강서구 화곡로 350 SJ라벨라
cmp0rojyd000004l21dlkqci8,강원 오크밸리 리조트 스키장 전광판 광고,digital,ooh,digital_signage,전광판,dooh_large,static_other,20000000,true,강원특별자치도 원주시 지정면 오크밸리2길 58 오크밸리 리조트
cmp0gyh8i000004jp4u4xokpx,강원 용평리조트 스키장 전광판 광고,digital,ooh,digital_signage,전광판,dooh_large,static_other,20000000,true,강원특별자치도 평창군 대관령면 올림픽로 715 용평리조트
cmp0h0vim000004l756rxncaq,강원 웰리힐리 파크 스키장 전광판 광고,digital,ooh,digital_signage,전광판,dooh_large,static_other,20000000,true,강원특별자치도 횡성군 둔내면 고원로 451 웰리힐리 파크
cmo6ix9wa000004kzq4dfvo5n,경부고속도로 신갈IC K-pad 전광판 광고,digital,ooh,digital_signage,고속도로 전광판,dooh_large,static_other,20000000,true,경기도 용인시 기흥구 갈천로7번길 47
cmp8ona80000004jocub56vgl,광주 광천사거리 광주MBC 전광판 광고,digital,ooh,digital_signage,전광판,dooh_large,static_other,20000000,true,광주광역시 서구 죽봉대로 95
cmo6jghoj000004jo2gdtykds,광주 국립아시아문화전당 안산빌딩 전광판 광고,digital,ooh,digital_signage,디지털 전광판,dooh_large,static_other,20000000,true,광주 동구 서석로 42 안산빌딩
cmp8p00j9000004l4z5iwwkf0,광주 상무지구 아이타워 전광판 광고,digital,ooh,digital_signage,전광판,dooh_large,static_other,20000000,true,광주광역시 서구 운천로 253 아이타워
cmpcamnsx000004i3q2d5ohav,광주 송정역 은성빌딩 전광판 광고,digital,ooh,digital_signage,전광판,dooh_large,static_other,20000000,true,광주광역시 광산구 상무대로 202 은성빌딩
cmo6ja078000204kw1hpw20tx,광주 신세계안과 광연빌딩 전광판 광고,digital,ooh,digital_signage,디지털 전광판,dooh_large,static_other,20000000,true,광주광역시 북구 동문대로 60 광연빌딩
cmp8ojwer000004l7vldk10kr,광주 종합버스터미널 맞은편 KBC방송국 전광판 광고,digital,ooh,digital_signage,전광판,dooh_large,bus_exterior,20000000,true,광주광역시 서구 무진대로 904 KBC방송국
cmo6j4m0m000004kw7h60lxql,광주 한국방송통신전파진흥원 전광판 광고,digital,ooh,digital_signage,디지털 전광판,dooh_large,static_other,20000000,true,광주 서구 운천로 219 한국방송통신전파진흥원 전남본부
cmo626uvp000004kyjn4mmm9k,광화문 고려빌딩 전광판 광고,digital,ooh,digital_signage,디지털 전광판,dooh_large,static_other,20000000,true,서울 종로구 새문안로 91
cmox0cnpe000004joeh8b7ic2,광화문 구세군회관 전광판 광고,digital,ooh,digital_signage,전광판,dooh_large,static_other,20000000,true,서울 종로구 새문안로 69 구세군회관
cmotzs1rj000004jxv4z38rc5,광화문 다정빌딩 전광판 광고,digital,ooh,digital_signage,전광판,dooh_large,static_other,20000000,true,서울 종로구 새문안로 103-1
cmod63z8h000004lar8lfzc4l,광화문 루미 미디어 전광판 광고,digital,ooh,digital_signage,디지털 전광판,dooh_large,static_other,20000000,true,서울 종로구 세종대로 159 세광빌딩
cmo3iilyt000004ihx8zuwjpj,광화문 룩스(LUUX) 전광판 광고,digital,ooh,digital_signage,디지털 전광판,dooh_large,static_other,20000000,true,서울 종로구 청계천로 1
cmo5yzb4y000404k14gg5v50o,광화문 일민미술관 전광판 광고,digital,ooh,digital_signage,디지털 전광판,dooh_large,static_other,20000000,true,서울 종로구 세종대로 152 일민미술관
cmowvpuu4000004i64reyvy2o,광화문 청계광장 주차타워 전광판 광고,digital,ooh,digital_signage,전광판,dooh_large,static_other,20000000,true,서울 종로구 종로 10-7
cmowvrnyk000004jsc4bnssvr,광화문 청계광장 한국빌딩 전광판 광고,digital,ooh,digital_signage,전광판,dooh_large,static_other,20000000,true,서울 종로구 서린동 149 (청계천로 11 청계 한국빌딩)
cmowx4s0r000204jvloc310yi,광화문 코리아나 호텔 K-VISION 전광판 광고,digital,ooh,digital_signage,전광판,dooh_large,static_other,20000000,true,서울 중구 세종대로 135  (K-Vision)
cmp867txy000004l1mik3bkdx,교대역 일이타워 전광판 광고,digital,ooh,digital_signage,전광판,dooh_large,static_other,20000000,true,서울 서초구 서초중앙로 130 일이타워
cmpbd5ji0000004lbxssgh6sq,구로 경동나비엔 전광판 광고,digital,ooh,digital_signage,전광판,dooh_large,static_other,20000000,true,서울 구로구 경인로53길 15 경동나비엔 사옥
cmpbcz6tq000004jry0n257v9,구로 동해빌딩 전광판 광고,digital,ooh,digital_signage,전광판,dooh_large,static_other,20000000,true,서울 구로구 시흥대로 561 동해빌딩
cmrl1x0gk000104jrkbh344ox,구로디지털단지 대창빌딩 전광판 광고,digital,ooh,digital_signage,디지털 전광판,dooh_large,static_other,20000000,true,서울 구로구 시흥대로 570
cmqzz9xdu00030aho3swdnc8x,구의역 이스트폴 스퀘어 파노라마 + LED 보드 광고,digital,ooh,digital_signage,실내 대형 파노라마 DOOH,dooh_large,static_other,20000000,true,서울 광진구 아차산로 272 NC 이스트폴 중앙광장
cmpaximu2000004js3rjbqrw5,남대문 자유빌딩 전광판 광고,digital,ooh,digital_signage,전광판,dooh_large,static_other,20000000,true,서울 중구 남대문로 36 자유빌딩
cmqxwgvs3000104l8e0pj7vxj,노량진 백이빌딩 전광판 광고,digital,ooh,digital_signage,전광판,dooh_large,static_other,20000000,true,서울 동작구 노량진로 116 백이빌딩
cmpb97bzq000404l179dvpjp6,노량진 순만빌딩 전광판 광고,digital,ooh,digital_signage,전광판,dooh_large,static_other,20000000,true,서울 동작구 노량진로 169 순만빌딩
cmo6gymei000004jmfz9zvdze,논현역 국전빌딩 옥상 전광판 광고,digital,ooh,digital_signage,디지털 전광판,dooh_large,static_other,20000000,true,서울 서초구 강남대로 543 국전빌딩
cmo6h4p41000004l5bxhz9d37,논현역 논현빌딩 전광판 광고,digital,ooh,digital_signage,디지털 전광판,dooh_large,static_other,20000000,true,서울 강남구 강남대로 556 논현빌딩
cmp7z2c68000204jqzl9gl5z9,논현역 미래빌딩 전광판 광고,digital,ooh,digital_signage,전광판,dooh_large,static_other,20000000,true,서울 서초구 강남대로 565 미래빌딩
cmo747vjn000004jsh7fzoa7b,대구 공평네거리 전광판 광고,digital,ooh,digital_signage,전광판,dooh_large,static_other,20000000,true,대구광역시 중구 국채보상로 643
cmpdey0jo000004jp7wp8b88x,대구 동대구역 무제여관 전광판 광고,digital,ooh,digital_signage,전광판,dooh_large,static_other,20000000,true,대구 동구 신암남로 94
cmpdf5www000004l1rkkssf7s,대구 동대구역 은종빌딩 전광판 광고,digital,ooh,digital_signage,전광판,dooh_large,static_other,20000000,true,대구 동구 동대구로 525-1 은종빌딩
cmpdfxbux000004jpuc7t18q2,대구 동대구역 W525타워 전광판 광고,digital,ooh,digital_signage,전광판,dooh_large,static_other,20000000,true,대구 동구 동대구로 525 W525타워
cmpdebcdm000004ji3ljh78u9,대구 동대구역네거리 전광판 광고,digital,ooh,digital_signage,전광판,dooh_large,static_other,20000000,true,대구 동구 동대구로85길 64
cmo73s84w000004kyzrei6a4j,대구 반월당네거리 동아백화점 전광판 광고,digital,ooh,digital_signage,디지털 전광판,dooh_large,static_other,20000000,true,대구 중구 달구벌대로 2085 동아백화점쇼핑점
cmoy5h09h000004jo5avjq0tf,대구 범어네거리 대희빌딩 전광판,digital,ooh,digital_signage,전광판,dooh_large,static_other,20000000,true,대구 수성구 달구벌대로 2401
cmsplh3i4000604l2d3dtk093,대구 범어네거리 범어골드클리닉타워 전광판 광고,digital,ooh,digital_signage,전광판,dooh_large,static_other,20000000,true,대구 수성구 달구벌대로 2395
cmspl9vt6000304i5w7x3rdcm,대구 범어네거리 복림빌딩 전광판 광고,digital,ooh,digital_signage,전광판,dooh_large,static_other,20000000,true,대구 수성구 달구벌대로 2398
cmspkw6xu000404jt01cz79jy,대구 범어네거리 호명빌딩 전광판 광고,digital,ooh,digital_signage,전광판,dooh_large,static_other,20000000,true,대구 수성구 달구벌대로 2392
cmpdd869l000004le53f42g85,대구 범어네거리 W한의원 전광판,digital,ooh,digital_signage,전광판,dooh_large,static_other,20000000,true,대구 수성구 달구벌대로 2420
cmpddti3k000004l5vipglpib,대구 벤처밸리네거리 호산빌딩 전광판 광고,digital,ooh,digital_signage,전광판,dooh_large,static_other,20000000,true,대구 수성구 국채보상로 914 호산빌딩
cmpddmu7u000004jjvot8dk5r,대구 신매네거리 전광판 광고,digital,ooh,digital_signage,전광판,dooh_large,static_other,20000000,true,대구 수성구 달구벌대로 3181
cmoyjyni0000204jujc85dhca,대구 신세계백화점 전광판 광고,digital,ooh,digital_signage,전광판,dooh_large,static_other,20000000,true,대구 동구 동부로 149 (신세계백화점 대구점)
cmoyk2ahd000204leto9vdkw3,대구 죽전사거리 윤암빌딩 전광판 광고,digital,ooh,digital_signage,전광판,dooh_large,static_other,20000000,true,대구 달서구 감삼동 146-30 (윤암빌딩)
cmp0s31ke000404l23ohfyxzd,대구 죽전사거리 윤암빌딩 전광판 광고,digital,ooh,digital_signage,외벽 전광판,dooh_large,static_other,20000000,true,대구광역시 달서구 감삼동 146-30 윤암빌딩
cmpde6uwe000004la5s2hnywv,대구 효신네거리 전광판 광고,digital,ooh,digital_signage,전광판,dooh_large,static_other,20000000,true,대구 동구 화랑로 77
cmp0fafob000204ielpuyv2i4,대전 뉴유성프라자 전광판 광고,digital,ooh,digital_signage,전광판,dooh_large,static_other,20000000,true,대전 유성구 계룡로 72 뉴유성프라자
cmp0t5i19000204l8mvpk474w,대전 동부네거리 LED 전광판 광고,digital,ooh,digital_signage,옥외 전광판,dooh_large,static_other,20000000,true,대전광역시 동구 동서대로 1734 동부네거리 인근
cmoefzuqw000004ldr11vdhki,대전 세븐팩토리 전광판 광고,digital,ooh,digital_signage,전광판,dooh_large,static_other,20000000,true,대전 중구 대전천서로 457 세븐팩토리
cmp0t23xh000004l8niri2btn,대전 유성온천네거리 전광판 광고,digital,ooh,digital_signage,옥외 전광판,dooh_large,static_other,20000000,true,대전광역시 유성구 봉명동 552-6 유성온천네거리 인근
cmp0f8s2i000804ibzqa9awfs,대전역 광장 시그니아빌딩 옥상전광판 광고,digital,ooh,digital_signage,전광판,dooh_large,static_other,20000000,true,대전 동구 대전로 794-1 시그니아빌딩
cmp0t5w75000004l5t8265ama,대전역사거리 LED 전광판 광고,digital,ooh,digital_signage,옥외 전광판,dooh_large,subway_light,20000000,true,대전광역시 동구 대전로 812 대전역 3번 출구 앞
cmof68wje000004joftmtbzue,도산대로 강남빌딩 전광판 광고,digital,ooh,digital_signage,전광판,dooh_large,static_other,20000000,true,서울 강남구 도산대로 217
cmp0fmxl0000004l5u5uyxetd,도산대로 백영빌딩 전광판 광고,digital,ooh,digital_signage,전광판,dooh_large,static_other,20000000,true,서울 강남구 도산대로 307 백영빌딩
cmp7xmueg000004lgs51khfhw,도산대로 벤츠빌딩 전광판 광고,digital,ooh,digital_signage,전광판,dooh_large,static_other,20000000,true,서울 강남구 도산대로 239 벤츠빌딩
cmp7wcek4000204jvupgubwwz,도산대로 썬앤빌 전광판 광고,digital,ooh,digital_signage,전광판,dooh_large,static_other,20000000,true,서울 강남구 도산대로 225 썬앤빌
cmp7w9fil000004jv7nhfqbzd,도산대로 엠포리아빌딩 전광판 광고,digital,ooh,digital_signage,전광판,dooh_large,static_other,20000000,true,서울 강남구 도산대로 220 엠포리아빌딩
cmp7vz5s7000004leqxvoa2vk,도산대로 큐빅타워 전광판 광고,digital,ooh,digital_signage,전광판,dooh_large,static_other,20000000,true,서울 강남구 도산대로 170 큐빅타워
cmp020nkz000604l7wkob9zq0,도산대로 학일빌딩 전광판 광고,digital,ooh,digital_signage,전광판,dooh_large,static_other,20000000,true,서울 강남구 도산대로 336
cmp7y3wc6000204jl2adjd2he,도산대로 한섬빌딩 전광판 광고,digital,ooh,digital_signage,전광판,dooh_large,static_other,20000000,true,서울 강남구 도산대로 523 한섬빌딩
cmoefh6p6000004l7zaau0r9t,도산대로 BMW빌딩 전광판 광고,digital,ooh,digital_signage,전광판,dooh_large,static_other,20000000,true,서울 강남구 도산대로 301 BMW빌딩
cmoeegaso000004josipc7kqt,도산대로 S&S타워 전광판 광고,digital,ooh,digital_signage,전광판,dooh_large,static_other,20000000,true,서울 강남구 도산대로 409 S&S타워
cmp7xoyeo000204lg592ohioh,도산대로 SB 타워 전광판 광고,digital,ooh,digital_signage,전광판,dooh_large,static_other,20000000,true,서울 강남구 도산대로 318 SB타워
cmp0fsg94000e04l2tjtr1rir,도산대로 SGF타워 전광판 광고,digital,ooh,digital_signage,전광판,dooh_large,static_other,20000000,true,서울 강남구 도산대로 327 SGF타워
cmo60x38n000704kyuxyt2yqh,동대문 두타몰 전광판 광고,digital,ooh,digital_signage,디지털 전광판,dooh_large,static_other,20000000,true,서울 중구 장충단로 229 두타몰
cmo6127nn000204juf0eq8vvy,동대문 롯데피트인 전광판 광고,digital,ooh,digital_signage,디지털 전광판,dooh_large,static_other,20000000,true,서울 중구 을지로 264 롯데피트인
cmo60u0gm000204jspdl8gfc7,동대문 맥스타일 전광판 광고,digital,ooh,digital_signage,디지털 전광판,dooh_large,static_other,20000000,true,서울 중구 마장로 3 맥스타일
cmo60rxbv000404jus61guhsy,동대문 밀리오레빌딩 전광판 광고,digital,ooh,digital_signage,디지털 전광판,dooh_large,static_other,20000000,true,서울 중구 장충단로 263 밀리오레빌딩
cmo60pw9v000504kyx5s3505r,동대문 콘하스 커브드 전광판 광고,digital,ooh,digital_signage,디지털 전광판,dooh_large,static_other,20000000,true,서울 중구 장충단로 215
cmo60dych000304kylkf3v6jp,동대문 피아비스콤빌딩 전광판 광고,digital,ooh,digital_signage,디지털 전광판,dooh_large,static_other,20000000,true,서울 종로구 율곡로 309 피아비스콤빌딩
cmo60o014000004l572ktu83w,동대문 헬로APM빌딩 전광판 광고,digital,ooh,digital_signage,디지털 전광판,dooh_large,static_other,20000000,true,서울 중구 장충단로 253 헬로APM빌딩
cmqg7yhvi000q04l852a7gya4,디지털단지오거리 마인드호텔 전광판 광고,digital,ooh,digital_signage,대형 전광판,dooh_large,static_other,20000000,true,서울특별시 금천구 남부순환로 1262 마인드호텔
cmo5x5uxk000204l212my2guy,롯데백화점 명동본점 전광판 광고,digital,ooh,digital_signage,디지털 전광판,dooh_large,static_other,20000000,true,서울 중구 을지로 30 롯데백화점 본점
cmoxtv559000004l012ucp5ih,롯데백화점 부산 본점 전광판 광고,digital,ooh,digital_signage,전광판,dooh_large,static_other,20000000,true,부산 부산진구 가야대로 772
cmoehvz8k000004lbgg3x7dbj,마포역 도원빌딩 전광판 광고,digital,ooh,digital_signage,전광판,dooh_large,static_other,20000000,true,서울 마포구 마포대로 34 도원빌딩
cmo5y12ki000004jvzvukboze,명동 고려빌딩 전광판 광고,digital,ooh,digital_signage,디지털 전광판,dooh_large,static_other,20000000,true,서울 중구 남대문로 68 고려빌딩
cmo61snu0000404ju7ep5vvke,명동 리모와 전광판 광고,digital,ooh,digital_signage,디지털 전광판,dooh_large,static_other,20000000,true,서울시 중구 남대문로 76
cmo5x955r000404l2lri0qvmc,명동 신한은행 전광판 광고,digital,ooh,digital_signage,디지털 전광판,dooh_large,static_other,20000000,true,서울 중구 명동1가 53-1 신한은행
cmpazcs38000004kwhf5nf2u8,명동 재원빌딩 전광판 광고,digital,ooh,digital_signage,전광판,dooh_large,static_other,20000000,true,서울 중구 명동길 62 재원빌딩
cmowx4j49000004l817ot2v8t,명동 충무빌딩 전광판 광고,digital,ooh,digital_signage,전광판,dooh_large,static_other,20000000,true,서울 중구 퇴계로 103
cmox0xpa8000204jiv6wqvpdl,명동 평화빌딩 전광판 광고,digital,ooh,digital_signage,전광판,dooh_large,static_other,20000000,true,서울 중구 삼일대로 330
cmo5xx2hc000004ju59vmg59d,명동 K파이낸스빌딩 전광판 광고,digital,ooh,digital_signage,디지털 전광판,dooh_large,static_other,20000000,true,서울 중구 남대문로 55 K파이낸스빌딩
cmo5ym89i000204leidj4otua,명동 ME&MN 전광판 Sync 광고,digital,ooh,digital_signage,디지털 전광판,dooh_large,static_other,20000000,true,서울 중구 을지로2가 198
cmpcawpfp000204i385nxaflt,목포 MBC스테이션월 전광판 광고,digital,ooh,digital_signage,전광판,dooh_large,static_other,20000000,true,전라남도 목포시 영산로 101 목포MBC
cmqyf7p66000404jqvxjezlcg,부산 경성대부경대역 전광판 광고,digital,ooh,digital_signage,전광판,dooh_large,static_other,20000000,true,부산 남구 수영로 315
cmo7g95vl000004l595m7sgs3,부산 구서IC 세정타워 전광판 광고,digital,ooh,digital_signage,디지털 전광판,dooh_large,static_other,20000000,true,부산광역시 금정구 금정로 252 세정타워
cmqygbdkb000204lemkq78k0i,부산 남포동 광복로 패션거리 전광판 광고,digital,ooh,digital_signage,전광판,dooh_large,static_other,20000000,true,부산 중구 광복로55번길 5
cmoxv0c10000004ibkhytl26r,부산 남포동 HL타워 전광판 광고,digital,ooh,digital_signage,전광판,dooh_large,static_other,20000000,true,부산 중구 구덕로 40
cmqy2gb32000004l2pf6j5vhg,부산 남포역 한국투자증권 전광판 광고,digital,ooh,digital_signage,전광판,dooh_large,static_other,20000000,true,부산 중구 해관로 1
cmoy0pq73000004kyp252e84b,부산 미남교차로 대영빌딩 전광판 광고,digital,ooh,digital_signage,전광판,dooh_large,static_other,20000000,true,부산 동래구 충렬대로 91
cmo62ntop000005l75nq7soif,부산 사상역 애플아울렛 본관 전광판 광고,digital,ooh,digital_signage,디지털 전광판,dooh_large,static_other,20000000,true,부산광역시 사상구 사상로 201 애플아울렛 본관
cmqyev6n8000804l5pejsjdx7,부산 사상역 청호빌딩 전광판 광고,digital,ooh,digital_signage,전광판,dooh_large,static_other,20000000,true,부산 사상구 사상로 182
cmqy00saa000004jsndwsfkqe,부산 서면 센텀메디컬타워 전광판 광고,digital,ooh,digital_signage,전광판,dooh_large,static_other,20000000,true,부산 부산진구 서면로 60
cmoxs93ix000004jylq0qfhvn,부산 서면교차로 기업은행 전광판 광고,digital,ooh,digital_signage,전광판,dooh_large,static_other,20000000,true,부산 부산진구 서전로 1
cmoxs7s2x000205lbh5tf2jjq,부산 서면교차로 삼성빌딩 전광판 광고,digital,ooh,digital_signage,전광판,dooh_large,static_other,20000000,true,부산 부산진구 서전로 1
cmremxktc000a04kvgdiifzb3,부산 서면교차로 전광판 광고,digital,ooh,digital_signage,전광판,dooh_large,static_other,20000000,true,부산 부산진구 부전동 139-2
cmoeg3fvj000004k18cp1hsgn,부산 순천향빌딩 전광판 광고,digital,ooh,digital_signage,전광판,dooh_large,static_other,20000000,true,부산 부산진구 가야대로 777 순천향빌딩
cmoegeup8000004l5vi4ne2aw,부산 연산역 교차로 엠파크 전광판 광고,digital,ooh,digital_signage,전광판,dooh_large,static_other,20000000,true,부산 연제구 월드컵대로 124 엠파크
cmqy25eov000004l5ltwmpkh1,부산 연산역 동광빌딩 전광판 광고,digital,ooh,digital_signage,전광판,dooh_large,static_other,20000000,true,부산 연제구 월드컵대로 126
cmqy0l1eb000204jxb6filhry,부산 연산역 영남빌딩 전광판 광고,digital,ooh,digital_signage,전광판,dooh_large,static_other,20000000,true,부산 연제구 반송로 9
cmpdw86yy000604lbo1njx8en,부산 자갈치시장 해안미디어보드 전광판 광고,digital,ooh,digital_signage,전광판,dooh_large,static_other,20000000,true,부산 중구 자갈치해안로 52
cmpdw6b60000204lbzq9zn0go,부산 자갈치역 JS메디컬 전광판 광고,digital,ooh,digital_signage,전광판,dooh_large,static_other,20000000,true,부산 서구 구덕로 95 JS메디컬
cmoxwu87g000004jo5e7oojhw,부산 중앙역 금진빌딩 전광판 광고,digital,ooh,digital_signage,전광판,dooh_large,static_other,20000000,true,부산 중구 중앙대로 111
cmo6p9gi5000004ju8qyaql5e,부산 해운대 그랜드 조선 LED 전광판 광고,digital,ooh,digital_signage,디지털 전광판,dooh_large,static_other,20000000,true,부산광역시 해운대구 해운대해변로 292 그랜드 조선 부산
cmoxa3i1x000204jygmlgyn84,부산 해운대 유카로빌딩 전광판 광고,digital,ooh,digital_signage,전광판,dooh_large,static_other,20000000,true,부산 해운대구 해운대해변로221번길 4
cmou04p01000004jmsik3qj6b,부산 해운대 임팩트웨이브 전광판 광고,digital,ooh,digital_signage,전광판,dooh_large,static_other,20000000,true,부산 해운대구 해운대해변로 277
cmoxa16wn000004jyp56n66ur,부산 해운대역 송호빌딩 전광판 광고,digital,ooh,digital_signage,전광판,dooh_large,static_other,20000000,true,부산 해운대구 해운대로 629
cmqg7nhl2000004i8derlksof,부천 서광빌딩 전광판 광고,digital,ooh,digital_signage,대형 전광판,dooh_large,static_other,20000000,true,경기도 부천시 오정구 신흥로 441번길 86 서광빌딩
cmox127nj000804l8p3nmo48i,불광역 보광빌딩 전광판 광고,digital,ooh,digital_signage,전광판,dooh_large,static_other,20000000,true,서울 은평구 통일로 730 보광빌딩
cmp0fj58m000604iekx06k3w4,사당 도양빌딩 전광판 광고,digital,ooh,digital_signage,전광판,dooh_large,static_other,20000000,true,서울 서초구 방배동 445-5 도양빌딩
cmp02989a000804l5lk08ra0v,사당역 산광빌딩 전광판 광고,digital,ooh,digital_signage,전광판,dooh_large,static_other,20000000,true,서울 동작구 동작대로 7 산광빌딩
cmpbcufq0000004l4kl2vh2no,사당역 삼진빌딩 전광판 광고,digital,ooh,digital_signage,전광판,dooh_large,static_other,20000000,true,서울 관악구 남부순환로 2082-25 삼진빌딩
cmo60b9fh000204juy36d7dop,삼각지 용산 해태제과빌딩 전광판 광고,digital,ooh,digital_signage,디지털 전광판,dooh_large,static_other,20000000,true,서울 용산구 한강대로72길 3 해태제과빌딩
cmo3ehh9u000004jp5b65rk7x,삼성동 신라스테이 전광판 광고,digital,ooh,digital_signage,디지털 전광판,dooh_large,static_other,20000000,true,서울 강남구 영동대로 506 신라스테이 삼성 빌딩 벽면
cmp87m4wy000004if34aufpnj,서대문 신한은행 전광판 광고,digital,ooh,digital_signage,전광판,dooh_large,static_other,20000000,true,서울 서대문구 충정로 77 신한은행
cmo60kl2h000004ju46tn4790,서울역 부양빌딩 전광판 광고,digital,ooh,digital_signage,전광판,dooh_large,static_other,20000000,true,서울 용산구 동자동 43-74
cmpb8atef000004lbkr77qifn,서울역 일신빌딩 전광판 광고,digital,ooh,digital_signage,전광판,dooh_large,static_other,20000000,true,서울 중구 통일로 24 일신빌딩
cmo7fdpqb000004kzqpw67k6p,성남 모란사거리 전광판 광고,digital,ooh,digital_signage,디지털 전광판,dooh_large,static_other,20000000,true,경기도 성남시 중원구 산성대로 80 모란사거리
cmqg8kvgl000004jmez9xrqvi,성남 페퍼저축은행 본점 전광판,digital,ooh,digital_signage,대형 전광판,dooh_large,static_other,20000000,true,경기도 성남시 분당구 황새울로 340 페퍼존빌딩
cmpca463d000404l8on57twws,순천 조례삼거리 서울우리병원 전광판 광고,digital,ooh,digital_signage,전광판,dooh_large,static_other,20000000,true,전라남도 순천시 유동1길 10 서울우리병원
cmpca1tbb000204l84v1kfrzn,순천 팔마오거리 지뜨호텔 전광판 광고,digital,ooh,digital_signage,전광판,dooh_large,static_other,20000000,true,전라남도 순천시 팔마2길 11 지뜨호텔
cmo6241th000004jor20omtxa,숭례문 제분회관빌딩 전광판 광고,digital,ooh,digital_signage,전광판,dooh_large,static_other,20000000,true,서울 중구 소월로 8 제분회관빌딩
cmokcli51000004l19rum9jwj,스타필드 하남점 LED 전광판 광고,digital,ooh,billboard,쇼핑몰/마트,dooh_large,static_other,20000000,false,경기 하남시 신장동 616
cmq979xt9000304l1xdjsaylw,스타필드 하남점 LED 전광판 광고,digital,ooh,digital_signage,LED전광판,dooh_large,static_other,20000000,true,경기도 하남시 신장동 616 스타필드 하남점
cmqnxndxp000004kzq0pe5bke,시그니처 도산 전광판 광고,digital,ooh,digital_signage,대형전광판,dooh_large,static_other,20000000,true,서울 강남구 언주로 729
cmsyguc6s000u04l2ybgpbbwp,시부야 Q'S EYE(큐즈 아이) 전광판 광고,digital,ooh,digital_signage,대형 비전,dooh_large,static_other,20000000,true,東京都渋谷区宇田川町21-6
cmod6a2i6000004jutaz5kkit,시청 디조빌딩 전광판 광고,digital,ooh,digital_signage,디지털 전광판,dooh_large,static_other,20000000,true,서울 중구 세종대로 78 디조빌딩
cmowwzy12000004jvc0p6gfbi,시청 세계빌딩 전광판 광고,digital,ooh,digital_signage,전광판,dooh_large,static_other,20000000,true,서울 중구 세종대로 91 세계빌딩
cmpaxsejk000004jurdrj6n9b,시청 재능교육빌딩 전광판 광고,digital,ooh,digital_signage,전광판,dooh_large,static_other,20000000,true,서울 중구 을지로 6 재능교육빌딩
cmp02109u000604jxnuzp4ypp,신림역 정도빌딩 전광판 광고,digital,ooh,,전광판,dooh_large,static_other,20000000,true,서울특별시 관악구 남부순환로 1633 정도빌딩
cmofq46f8000204leputaopdy,신림역사거리 전광판 광고,digital,ooh,digital_signage,빌보드,dooh_large,subway_light,20000000,true,서울 관악구 남부순환로 1607
cmp0207q1000404l7fw8bc939,신사 메트로빌딩 전광판 광고,digital,ooh,digital_signage,전광판,dooh_large,static_other,20000000,true,서울 강남구 강남대로 626 메트로빌딩
cmo6f7wqq000004ld244yostf,신사 성현빌딩 전광판 광고,digital,ooh,digital_signage,디지털 전광판,dooh_large,static_other,20000000,true,서울 강남구 강남대로 578 성현빌딩
cmpdtixqw000504l1o2d5iakf,신사 송천빌딩 전광판 광고,digital,ooh,digital_signage,전광판,dooh_large,static_other,20000000,true,서울 강남구 강남대로 642 송천빌딩
cmp0fmd42000a04l2h8i63c9a,신사 휴먼타워 H-STATION 전광판 광고,digital,ooh,digital_signage,전광판,dooh_large,static_other,20000000,true,서울 서초구 강남대로 605
cmp7vhftd000004iblf8rbd6c,신사 SYH타워 전광판 광고,digital,ooh,digital_signage,전광판,dooh_large,static_other,20000000,true,서울 강남구 도산대로 107 SYH타워
cmp6hl2gs000204lavbke1kqt,신사 YK빌딩 전광판 광고,digital,ooh,digital_signage,전광판,dooh_large,static_other,20000000,true,서울 강남구 도산대로 121 YK빌딩
cms3pgb2z000q04l2j5vp50i2,신사역 메가마티아 전광판 광고,digital,ooh,digital_signage,디지털 전광판,dooh_large,static_other,20000000,true,"서울특별시 도산대로 107 SYH빌딩 (신사역 6, 7번 출구 앞)"
cmo614qkj000004i8qzc3prnq,신설동 스파이스빌딩 전광판 광고,digital,ooh,digital_signage,디지털 전광판,dooh_large,static_other,20000000,true,서울 종로구 종로 407
cmo5zlrlw000604jvnn75y37m,신세계백화점 본점 신관 전광판 광고,digital,ooh,digital_signage,디지털 전광판,dooh_large,static_other,20000000,true,서울 중구 소공로 63 신세계백화점 본점 신관
cmo5zgtqk000004l8s594fn51,신세계백화점 본점 신세계 스퀘어 전광판 광고,digital,ooh,digital_signage,디지털 전광판,dooh_large,static_other,20000000,true,서울 중구 소공로 63 신세계백화점 본점
cmox0mgek000004i88qkxx09n,신촌 31 전광판 광고,digital,ooh,digital_signage,전광판,dooh_large,static_other,20000000,true,서울 서대문구 신촌역로 31
cmox0glf2000204ic227lsid8,신촌역 퀸즈빌딩 전광판 광고,digital,ooh,digital_signage,전광판,dooh_large,static_other,20000000,true,서울 마포구 신촌로 104 퀸즈빌딩
cmotzxfcl000004jvinrqejqb,양재 다보빌딩 전광판 광고,digital,ooh,digital_signage,전광판,dooh_large,static_other,20000000,true,서울 서초구 강남대로 243
cmpc9yuwa000004l8blx83uyn,여수 메가박스 전광판 광고,digital,ooh,digital_signage,전광판,dooh_large,static_other,20000000,true,전라남도 여수시 신월로 96 메가박스 여수웅천
cmpb933af000204l18q4t16kt,여의도 대승빌딩 전광판 광고,digital,ooh,digital_signage,전광판,dooh_large,static_other,20000000,true,서울 영등포구 경인로 114길 26 대승빌딩
cmoegluf8000204ldbj44j2uq,여의도 여의12 올림픽대로 디지털 광고,digital,ooh,billboard,전광판,dooh_large,static_other,20000000,true,서울 동작구 노량진동 13-14
cmp0flm3o000804l25v8pmo4x,여의도 원센티널 전광판 광고,digital,ooh,digital_signage,전광판,dooh_large,static_other,20000000,true,서울 영등포구 여의대로 70 원센티널
cmpb8yv60000004l19x9hlk5v,여의도 유진빌딩 전광판 광고,digital,ooh,digital_signage,전광판,dooh_large,static_other,20000000,true,서울 영등포구 국제금융로 24 유진빌딩
cmocvlqxl000104jxhk0zqqfb,여의도 IFC 타워 디지털 사이니지 광고,digital,ooh,digital_signage,쇼핑몰 LED,dooh_large,static_other,20000000,true,서울 영등포구 국제금융로 10 IFC몰
cmp69eour000004jfak485hgz,영동대교 리베라호텔 전광판 광고,digital,ooh,digital_signage,전광판,dooh_large,static_other,20000000,true,서울 강남구 영동대로 737 리베라호텔
cmo602kh0000004jujhbem3zx,영동대교 블루펄 전광판 광고,digital,ooh,digital_signage,디지털 전광판,dooh_large,static_other,20000000,true,서울 강남구 청담동 129-3
cmp0fdko2000404ji9jn4xlin,영등포 태광빌딩 전광판 광고,digital,ooh,digital_signage,전광판,dooh_large,static_other,20000000,true,서울 영등포구 경인로 855 태광빌딩
cmp0f3wki000604ibq97ht1kj,원주 고속버스터미널 옆 대호빌딩 전광판 광고,digital,ooh,digital_signage,전광판,dooh_large,bus_exterior,20000000,true,강원도 원주시 서원대로 165 대호빌딩
cmpdc3g3l000004i96rajw4yn,원주 혁신도시 조은빌동 전광판 광고,digital,ooh,digital_signage,옥외 Full-color 전광판,dooh_large,static_other,20000000,true,강원도 원주시 혁신도시 옥외전광판
cmo5x28mu000004iemtnfoioj,을지로 창강빌딩(구 경기빌딩) 전광판 광고,digital,ooh,digital_signage,디지털 전광판,dooh_large,static_other,20000000,true,서울 중구 남대문로10길 6 창강빌딩
cmox0pbsb000204lb8qjhvwi6,을지로 한국빌딩 전광판 광고,digital,ooh,digital_signage,전광판,dooh_large,static_other,20000000,false,서울 중구 을지로2가 198 한국빌딩
cmo5ye7b2000404jviyc4t8u1,을지로입구 교원빌딩 엠시티(M-CITY) 전광판 광고,digital,ooh,digital_signage,전광판,dooh_large,static_other,20000000,true,서울 중구 을지로 51 M-CITY
cms65d4qv000004jpx6700l8o,을지한국빌딩 전광판 광고,digital,ooh,digital_signage,전광판,dooh_large,static_other,20000000,true,서울특별시 중구 을지로2가 198 을지한국빌딩
cmoicsn9h00002hjkg5k5qab5,이대 중앙빌딩 전광판 광고,digital,ooh,digital_signage,전광판,dooh_large,static_other,20000000,true,서울 마포구 신촌로 176
cmo61eta5000604jujfng9shu,이태원 스크린LED 전광판 광고,digital,ooh,digital_signage,디지털 전광판,dooh_large,static_other,20000000,true,서울 용산구 이태원로 180
cmo61couh000404juod5bxqah,이태원 해밀턴호텔 파노라마 전광판 광고,digital,ooh,digital_signage,디지털 전광판,dooh_large,static_other,20000000,true,서울 용산구 이태원로 179 해밀턴 호텔
cmo61gmgi000004l8w1yyvtdo,이태원 KB국민은행 전광판 광고,digital,ooh,digital_signage,디지털 전광판,dooh_large,static_other,20000000,true,서울 용산구 이태원로 186 KB국민은행
cmnzkw1nr000004l7jt1x7pvx,인천 부평 에이플러스에셋빌딩 전광판 광고,digital,ooh,digital_signage,디지털 전광판,dooh_large,static_other,20000000,true,인천 부평구 부평대로 16
cmp0gchtx000g04ibkdgdqhrz,인천 부평역 창성빌딩 전광판 광고,digital,ooh,digital_signage,전광판,dooh_large,static_other,20000000,true,인천 부평구 부평대로 33 창성빌딩
cmp0gbdnu000404l534qeaulo,인천 부평역 KB국민은행 전광판 광고,digital,ooh,digital_signage,전광판,dooh_large,static_other,20000000,true,인천 부평구 부평대로 20 KB국민은행
cmrahrzyj000r04l81d0i8hs7,인천 A+ 에셋 부평빌딩 LED 전광판,digital,ooh,digital_signage,디지털 전광판,dooh_large,static_other,20000000,true,인천광역시 부평구 부평대로 16 (A+ 에셋 부평빌딩)
cmo62roxr000004ks4im8j5jk,일산 디지털 스페이스 전광판 광고,digital,ooh,digital_signage,디지털 전광판,dooh_large,static_other,20000000,true,경기도 고양시 일산동구 중앙로 1322
cmo74ek5f000004jp7xyowkfy,잠실 유토피아 전광판 광고,digital,ooh,digital_signage,디지털 전광판,dooh_large,static_other,20000000,true,서울 송파구 올림픽로 336
cmo7fx6j8000004l5f62rwqzk,전주 경기장네거리 덕천빌딩 전광판 광고,digital,ooh,digital_signage,디지털 전광판,dooh_large,static_other,20000000,true,전라북도 전주시 덕진구 백제대로 545
cmp8no8l0000004l796vh70f4,정안 알밤(순천방향)휴게소 전광판 광고,digital,ooh,digital_signage,전광판,dooh_large,static_other,20000000,true,충남 공주시 정안면 논산천안고속도로 57 정안알밤휴게소(순천방향)
cmo6ihr4q000004l4hoe5lqyi,제주 광양사거리 그린빌딩 전광판 광고,digital,ooh,digital_signage,디지털 전광판,dooh_large,static_other,20000000,true,제주 제주시 중앙로 206 그린빌딩
cmo6i9kjn000004jrdwpa4qh3,제주 광양사거리 다이소빌딩 전광판 광고,digital,ooh,digital_signage,디지털 전광판,dooh_large,static_other,20000000,true,제주특별자치도 제주시 중앙로 213
cmo6hz6l3000004jv0ncqx7l0,제주 노형오거리 전광판 광고,digital,ooh,digital_signage,디지털 전광판,dooh_large,static_other,20000000,true,제주특별자치도 제주시 도령로 1
cmo6i5vdo000004jopntcpuo3,제주 노형이마트 전광판 광고,digital,ooh,digital_signage,디지털 전광판,dooh_large,static_other,20000000,true,제주특별자치도 제주시 1100로 3348 노형이마트
cmo6ir888000004l5fx2rxd4i,제주 중앙로 사거리 전광판 광고,digital,ooh,digital_signage,디지털 전광판,dooh_large,static_other,20000000,true,제주특별자치도 제주시 중앙로 54
cmqy1y26e000004l4ooujawvv,제주지방법원 사거리 전광판 광고,digital,ooh,digital_signage,전광판,dooh_large,static_other,20000000,true,제주특별자치도 제주시 중앙로 286
cmox0zq9p000604l8kjyp38m2,종각 DGB빌딩 전광판 광고,digital,ooh,digital_signage,전광판,dooh_large,static_other,20000000,true,서울 중구 남대문로 125 DGB빌딩
cmo5zx0se000004kylegnruet,종각 J-라이브 미디어 전광판 광고,digital,ooh,digital_signage,디지털 전광판,dooh_large,static_other,20000000,true,서울 종로구 종로 47
cmowwzdx3000004jxdp4h6ih1,종로3가 낙원빌딩 전광판 광고,digital,ooh,digital_signage,전광판,dooh_large,static_other,20000000,true,서울 종로구 종로 115
cmowwyzzn000004l47leap89r,종로3가 화영빌딩 전광판 광고,digital,ooh,digital_signage,전광판,dooh_large,static_other,20000000,true,서울 종로구 종로 128 화영빌딩
cmoy0ywj8000004l8oxad4wpt,진주 10호 광장교차로 전광판 광고,digital,ooh,digital_signage,빌보드,dooh_large,static_other,20000000,true,경남 진주시 순환로 530
cmp2ucw28000004l7j79f01mm,진주 진주교사거리 전광판 광고,digital,ooh,digital_signage,전광판,dooh_large,static_other,20000000,true,경상남도 진주시 진주대로 1027
cmoy0vzij000204jy17lysdd2,창원 LG베스트샵 전광판 광고,digital,ooh,digital_signage,전광판,dooh_large,static_other,20000000,true,경남 창원시 의창구 창원대로 1
cmp8jmqx9000004jp76n7epc3,천안 고속버스터미널 전광판 광고,digital,ooh,digital_signage,전광판,dooh_large,bus_exterior,20000000,true,충남 천안시 동남구 만남로 15
cmp8naebb000004jsvad492fc,천안 남부오거리 전광판 광고,digital,ooh,digital_signage,전광판,dooh_large,static_other,20000000,true,충남 천안시 동남구 대흥로 80
cmoehpwez000004l1lmdkafta,천안 신부동 민현빌딩 옥상전광판 광고,digital,ooh,digital_signage,전광판,dooh_large,static_other,20000000,true,충남 천안시 동남구 만남로 15 민현빌딩
cmp8nmebf000004juegyhnlti,천안 일봉산사거리 타월랜드 전광판 광고,digital,ooh,digital_signage,전광판,dooh_large,static_other,20000000,true,충남 천안시 서북구 차돌들길 6-1 타월랜드
cmpb9r2hy000204iiy1rpsr6f,천호대로 강동빌딩 전광판 광고,digital,ooh,digital_signage,전광판,dooh_large,static_other,20000000,true,서울 강동구 천호동 453-15
cmpb9m8e9000004iihqknci6x,천호사거리 태승빌딩 전광판 광고,digital,ooh,digital_signage,전광판,dooh_large,static_other,20000000,true,서울시 강동구 성내동 62-4
cmpb9dme2000204ihxhn8dgzp,천호역 신라빌딩 전광판 광고,digital,ooh,digital_signage,전광판,dooh_large,static_other,20000000,true,서울 강동구 천호대로 997 신라빌딩
cmox1rmx5000204ju98zj5nsd,청량리 무광빌딩 전광판 광고,digital,ooh,digital_signage,공항/기차,dooh_large,static_other,20000000,true,서울 동대문구 왕산로 211-1
cmrkycwn2000204l8nmtjdor3,청주 사창사거리 재원빌딩 전광판 광고,digital,ooh,digital_signage,디지털 전광판,dooh_large,static_other,20000000,true,충북 청주시 서원구 1순환로 661
cmpdb1yeb000004jxohnd90wm,춘천 중앙로터리 SC제일은행 전광판 광고,digital,ooh,digital_signage,전광판,dooh_large,static_other,20000000,true,강원도 춘천시 중앙로 45 SC제일은행
cmpayba5g000204jusf607yzp,충무로 국제빌딩 전광판 광고,digital,ooh,digital_signage,전광판,dooh_large,static_other,20000000,true,서울 중구 퇴계로 187 국제빌딩
cmrbqcmov000c04l8v4jzeor6,충무로 제일병원빌딩 전광판 광고,digital,ooh,digital_signage,디지털 전광판,dooh_large,static_other,20000000,true,서울 중구 퇴계로 244 제일병원빌딩 옥상
cmo3d07qd000404l63nbxps27,코엑스 케이팝 스퀘어 전광판 광고,digital,ooh,digital_signage,디지털 전광판,dooh_large,static_other,20000000,true,서울 강남구 영동대로 513 스타필드 코엑스몰 K-POP 광장 (코엑스 아티움 벽면)
cmrf0d1l8000905l5qi3gfd54,코엑스 파르나스 미디어타워 광고,digital,ooh,digital_signage,전광판,dooh_large,static_other,20000000,true,서울 강남구 테헤란로 521
cmpb9bnil000004ihro2u9x8r,쿠팡 송파캠프 전광판 광고,digital,ooh,digital_signage,전광판,dooh_large,static_other,20000000,true,서울 송파구 송파대로 55 쿠팡 송파캠프
cmoehygbf000004kzbj4jjng2,테헤란로 대명 루첸타워 전광판 광고,digital,ooh,digital_signage,전광판,dooh_large,static_other,20000000,true,서울 강남구 테헤란로 510 대명 루첸타워
cmp85wzre000004jo20fg632s,테헤란로 디에이빌딩 전광판 광고,digital,ooh,digital_signage,전광판,dooh_large,static_other,20000000,true,서울 강남구 테헤란로 125 DA빌딩
cmrl0mlxe000204kwkf4nx45k,테헤란로 성담빌딩 전광판 광고,digital,ooh,digital_signage,디지털 전광판,dooh_large,static_other,20000000,true,서울 강남구 테헤란로 411
cmp0ft41s000604jis6yarw35,테헤란로 슈페리어타워 전광판 광고,digital,ooh,digital_signage,전광판,dooh_large,static_other,20000000,true,서울 강남구 테헤란로 528 슈페리어타워
cmp85qcq6000004ky87bbnrlf,테헤란로 아이타워 전광판 광고,digital,ooh,digital_signage,전광판,dooh_large,static_other,20000000,true,서울 강남구 테헤란로 242 아이타워
cmp7z7waw000404jlrroix1o6,테헤란로 역삼빌딩 전광판 광고,digital,ooh,digital_signage,전광판,dooh_large,static_other,20000000,true,서울 강남구 테헤란로 205 역삼빌딩
cmp854473000004kyp3henucz,테헤란로 현익빌딩 전광판 광고,digital,ooh,digital_signage,전광판,dooh_large,static_other,20000000,true,서울 강남구 테헤란로 146 현익빌딩
cmp862u6o000204jogpge95g5,테헤란로 GV-LIVE 전광판 광고,digital,ooh,digital_signage,전광판,dooh_large,static_other,20000000,true,서울 강남구 테헤란로 501
cmp8jgg60000004l5t34i8sjz,평택역 평택오거리 영진빌딩 전광판 광고,digital,ooh,digital_signage,전광판,dooh_large,static_other,20000000,true,경기 평택시 평택1로 4 영진빌딩
cmox12pu5000404jijn02224l,합정역 동성빌딩 전광판 광고,digital,ooh,digital_signage,전광판,dooh_large,static_other,20000000,true,서울 마포구 양화로 50
cmofzt13y000004iaqb29f71w,현대백화점 무역센터점 전광판 광고,digital,ooh,digital_signage,빌보드,dooh_large,static_other,20000000,true,서울 강남구 테헤란로 517
cmox0h8ek000004jppjjo5k9o,현대백화점 신촌점 유플렉스 벽면 전광판,digital,ooh,digital_signage,전광판,dooh_large,static_other,20000000,true,서울특별시 서대문구 신촌동 30-1 현대백화점 신촌점
cmpb9i454000404ihm4gaidcz,현대백화점 천호점 전광판 광고,digital,ooh,digital_signage,전광판,dooh_large,static_other,20000000,true,서울 강동구 천호대로 1005 현대백화점 천호점
cmo3flct7000004l5jneq3nw0,홍대 나인 전광판 광고,digital,ooh,digital_signage,디지털 전광판,dooh_large,static_other,20000000,true,서울 마포구 양화로 152
cmoicxh50000004jldvz524rn,홍대 미래프라자 전광판 광고,digital,ooh,digital_signage,전광판,dooh_large,static_other,20000000,true,서울 마포구 양화로 166
cmoidd38o000004k09esg76px,홍대 상진빌딩 전광판 광고,digital,ooh,digital_signage,전광판,dooh_large,static_other,20000000,true,서울 마포구 양화로 165
cmoegxvh2000004jph1w6hwie,홍대 스칼렛빌딩 전광판 광고,digital,ooh,digital_signage,전광판,dooh_large,static_other,20000000,true,서울 마포구 양화로 148 스칼렛빌딩
cmo3l99l7000004l7t4rv9oqt,홍대 스타 피카소빌딩 전광판 광고,digital,ooh,digital_signage,디지털 전광판,dooh_large,static_other,20000000,true,서울 마포구 양화로 176
cmoig45kh000004i7bvdio77b,홍대 시그니처 전광판 광고,digital,ooh,digital_signage,전광판,dooh_large,static_other,20000000,true,서울 마포구 서교동 354-1
cmoidyqp3000004l4kbqfpd7v,홍대 엠스크린 전광판 광고,digital,ooh,digital_signage,전광판,dooh_large,static_other,20000000,true,서울 마포구 양화로 175
cms3ls8d3000p04jv57gkwlel,홍대 오트파사드 베가 (VAGA) 전광판 광고,digital,ooh,digital_signage,전광판,dooh_large,static_other,20000000,true,서울특별시 마포구 양화로 151
cmp86oqb1000004l5l2fo6o5y,홍대 임오빌딩 전광판 광고,digital,ooh,digital_signage,전광판,dooh_large,static_other,20000000,true,서울 마포구 양화로 100 임오빌딩
cmp86taa5000204jiewtmz7pp,홍대 지은빌딩 전광판 광고,digital,ooh,digital_signage,전광판,dooh_large,static_other,20000000,true,서울 마포구 양화로 111 지은빌딩
cmou1ghoo000004lerlrap9de,홍대 커브드월 전광판 광고,digital,ooh,digital_signage,커브드월,dooh_large,static_other,20000000,true,서울 마포구 양화로 140
cmo60hc4b000004jsvi1nhtps,KTX 서울역 광장 전광판 광고,digital,ooh,digital_signage,디지털 전광판,dooh_large,static_other,20000000,true,서울 용산구 한강대로 405
cmox0ppcz000004l4r6sp277c,KTX 서울역 파노라마 전광판 광고,digital,ooh,digital_signage,역사 대형 디지털 미디어월,dooh_large,static_other,20000000,true,서울 용산구 한강대로 405 KTX 서울역 대합실 파노라마 미디어월
cmppir953000h04jrwr9k7yep,강남 메가박스 시티빌딩 G-VISION 커브형 전광판 광고,digital,ooh,digital_signage,전광판,dooh_mid,static_other,8000000,true,서울 강남구 강남대로 422
cmo6fr5rr000004jqd0d3q821,강남 비제바노 전광판 광고,digital,ooh,digital_signage,디지털 전광판,dooh_mid,static_other,8000000,true,서울 강남구 강남대로 464
cmp02p1ei000a04l7aqmf0vnd,강남 센트럴시티 게이트 DS 광고,digital,shopping,mall,디지털 사이니지,dooh_mid,static_other,8000000,true,서울 서초구 신반포로 176 센트럴시티
cmp02obov000004josyak118o,강남 센트럴시티 보이드 DS 광고,digital,shopping,mall,디지털 사이니지,dooh_mid,static_other,8000000,true,서울 서초구 신반포로 176 센트럴시티
cmp02q6wy000c04l7757f1f4h,강남 센트럴시티 스퀘어 DS 광고,digital,shopping,mall,디지털 사이니지,dooh_mid,static_other,8000000,true,서울 서초구 신반포로 176 센트럴시티
cmocziugc000004ih5fulnnvv,강남 센트럴시티 시계탑 DS 광고,digital,shopping,mall,쇼핑몰 LED,dooh_mid,static_other,8000000,true,서울 서초구 신반포로 176 센트럴시티
cmp0eixym000204iblzrh6a9m,강남 센트럴시티 언더월드 디지털사이니지 광고,digital,shopping,mall,디지털 사이니지,dooh_mid,static_other,8000000,true,서울 서초구 신반포로 지하 188
cmp02npts000804l7xefcajsf,강남 센트럴시티 진입로 DS 광고,digital,shopping,mall,디지털 사이니지,dooh_mid,static_other,8000000,true,서울 서초구 신반포로 176 센트럴시티
cmp0fp890000a04ib0rc2ymad,강남 어메이징 파르나스 미디어필러 광고,digital,ooh,billboard,미디어필라 + LED월,dooh_mid,static_other,8000000,true,서울 강남구 테헤란로 521 파르나스몰
cmp0er2cp000204l29x0gg03l,강남대로 미디어폴 광고,digital,ooh,media_pole,미디어폴,dooh_mid,static_other,8000000,true,서울 강남구 역삼동 858
cmp0rn2si000004ib4p2ytrb7,강원 비발디파크(구: 대명) 스키장 광고,digital,entertainment,leisure,전광판,dooh_mid,static_other,8000000,true,강원특별자치도 홍천군 서면 팔봉리 1290-2 비발디파크
cmp0rlo9x000004ktbg9ix4ad,강원 휘닉스파크 스키장 전광판 광고,digital,entertainment,leisure,전광판,dooh_mid,static_other,8000000,true,강원특별자치도 평창군 봉평면 태기로 174 휘닉스파크
cmrm3e9hb000204jmhn2x9rnz,갤러리아 백화점 EAST B1 MEDIA WALL 광고,digital,shopping,mall,백화점 미디어월,dooh_mid,static_other,8000000,true,서울 강남구 압구정로 407 갤러리아 명품관 EAST B1층
cmrm3fc6d000n04kydi14rh4s,갤러리아 백화점 EAST DUAL LCD 광고,digital,shopping,mall,백화점 디지털 사이니지,dooh_mid,static_other,8000000,true,서울 강남구 압구정로 407 갤러리아 명품관 EAST B1~1층 중층
cmrm3li4a000104iemha295of,갤러리아 백화점 WEST 출입구 DS 광고,digital,shopping,mall,백화점 디지털 사이니지,dooh_mid,static_other,8000000,true,서울 강남구 압구정로 343 갤러리아 명품관 WEST 출입구
cmox1isjw000004l7gp5j7uga,건대 롯데 스타시티 전광판 광고,digital,shopping,mall,전광판,dooh_mid,static_other,8000000,true,서울 광진구 능동로 92 롯데 스타시티
cmo6orica000004jpeyp0f6sf,고촌역 김포 고촌 전광판 광고,digital,ooh,digital_signage,디지털 전광판,dooh_mid,static_other,8000000,true,경기도 김포시 김포대로 323
cmox14pqi000a04l8wwqca4gm,공항철도 홍대입구역 DS 광고 (5.6번),digital,ooh,digital_signage,지하철,dooh_mid,airport,8000000,false,서울 마포구 양화로 지하 188
cmpcabkgx000004kw0io16eoi,광주 금남로 천하빌딩 전광판 광고,digital,ooh,digital_signage,전광판,dooh_mid,static_other,8000000,true,광주광역시 동구 금남로 248 천하빌딩
cmo6lp8m6000004l2gwox9kgi,광주 어등산CC 전광판 광고,digital,ooh,digital_signage,디지털 전광판,dooh_mid,static_other,8000000,true,광주광역시 광산구 무진대로 31 어등산컨트리클럽
cmqi6xjgq000604jj5krliihl,광주 유스퀘어 기둥 전광판 광고,digital,ooh,digital_signage,기둥전광판,dooh_mid,static_other,8000000,true,광주광역시 서구 무진대로 904 유스퀘어
cmo6q1g1n000004l5d4wzhcin,광주시청 상무지구 전광판 광고,digital,ooh,digital_signage,디지털 전광판,dooh_mid,static_other,8000000,true,광주광역시 서구 상무지구 진입 교차로
cmnzdtqyf000204lbz82w6ipv,광화문 KT 스퀘어 미디어월 전광판 광고,digital,ooh,digital_signage,디지털 전광판,dooh_mid,static_other,8000000,true,서울 종로구 세종대로 (광화문광장 중심부)
cmqpabzxo000204l8xmqx12z8,구리 돌다리 사거리 전광판 광고,digital,ooh,digital_signage,디지털 전광판,dooh_mid,static_other,8000000,true,경기도 구리시 경춘로 228 돌다리 사거리
cmp028dmk000604kzu1jm7ex8,김포공항 동아빌딩 전광판 광고,digital,ooh,digital_signage,전광판,dooh_mid,airport,8000000,true,서울 강서구 개화동로 565 동아빌딩
cmrm1v9eo000104kyrj3fojan,나우인명동 전광판 광고,digital,ooh,digital_signage,디지털 전광판,dooh_mid,static_other,8000000,false,서울 중구 명동길 15 (구 에뛰드 하우스 / 나이키 맞은편)
cmp0s4prw000204ktul6suaow,대구 국제공항 국내선 1층 전광판 광고,digital,ooh,digital_signage,공항 도착장 전광판,dooh_mid,airport,8000000,false,대구광역시 동구 공항로 221 대구국제공항 1층 일반대합실 도착장
cmo73bwhj000204jiorp0n9hw,대구 동성로 28아트스퀘어 전광판 광고,digital,ooh,digital_signage,디지털 전광판,dooh_mid,static_other,8000000,true,대구광역시 중구 동성로6길 2-1 28아트스퀘어
cmp0s1wo0000204l2vfrzmt4p,대구 반월당 환승구간 디지털 전광판 광고,digital,ooh,digital_signage,지하철 전광판,dooh_mid,static_other,8000000,true,"대구광역시 중구 달구벌대로 지하 2100 반월당역 1,2호선 환승역 안심방면"
cmoy5n2kk000204jsrrom21ib,대구 반월당역 환승구간 터널 전광판 광고 세트,digital,ooh,digital_signage,지하철,dooh_mid,static_other,8000000,true,대구 중구 달구벌대로 지하 2100
cmp0s74o4000404kv8nv41j6h,대구 상인역 터널 전광판 광고,digital,ooh,digital_signage,지하철 터널전광판,dooh_mid,static_other,8000000,true,대구광역시 달서구 월배로 지하 223 상인역 1호선 터널전광판
cmqhzzg6c000704l2809gq0xe,대전 으능정이 스카이로드,digital,culture,park,스카이로드 복합미디어,dooh_mid,static_other,8000000,true,대전광역시 중구 은행동 중앙로 164번길
cmq97fjbd000704l10023hg6a,더현대 서울 디지털갤러리 광고,digital,shopping,mall,디지털갤러리,dooh_mid,static_other,8000000,true,서울특별시 영등포구 여의도동 22 더현대 서울 지하 2층
cmocx36r4000004k1yvrv6y13,더현대서울 사운즈 포레스트 미디어월 광고,digital,shopping,mall,쇼핑몰 LED,dooh_mid,static_other,8000000,true,서울 영등포구 여의대로 108 더현대서울
cmoy5hg79000004ld0q3z2bnb,동대구 복합환승센터 전광판 광고,digital,ooh,digital_signage,공항/기차,dooh_mid,static_other,8000000,true,대구 동구 동부로 149
cms4dt5b8000404l4ze7pd4em,디저트랩 이마트24 서울숲점 LED 사이니지 광고,digital,shopping,convenience,LED 사이니지,dooh_mid,static_other,8000000,true,서울시 성동구 서울숲4길 27
cmqagank3000004l8e6y4bf8d,롯데백화점 부산본점 DS 패키지 광고,digital,shopping,mall,디지털 사이니지,dooh_mid,static_other,8000000,true,부산광역시 부산진구 가야대로 772 롯데백화점 부산본점
cmpti93x3000004iivq6hxh24,롯데월드 매직서클 & DID 패키지 광고,digital,culture,park,테마파크 미디어,dooh_mid,static_other,8000000,true,서울특별시 송파구 올림픽로 240 롯데월드 어드벤처
cmrkzt04s000l04l40d7139j2,마곡 원그로브 복합문화공간 미디어 광고,digital,shopping,mall,쇼핑몰/마트 DOOH,dooh_mid,static_other,8000000,true,서울 강서구 공항대로 165
cmqnw98wt000n04jryvia4on2,메가박스 시그니처 구의 이스트폴점 전광판 광고,digital,entertainment,cinema,엔터테인먼트 DOOH,dooh_mid,static_other,8000000,true,서울 광진구 아차산로 402 메가박스 구의 이스트폴점 로비 상단
cmqnw55um000504l7mmuapmbt,메가박스 시그니처 삼성 코엑스점 전광판 광고,digital,entertainment,cinema,엔터테인먼트 DOOH,dooh_mid,static_other,8000000,true,서울 강남구 영동대로 513 코엑스몰 메가박스 코엑스점 메인 홀
cmo5y61v4000004le73apdvyx,명동 메가비젼 전광판 광고,digital,ooh,digital_signage,디지털 전광판,dooh_mid,static_other,8000000,true,서울 중구 남대문로 74
cmquwmka0000604l2qyl38ys7,명동 미디어폴 디지털 광고,digital,ooh,media_pole,미디어폴,dooh_mid,static_other,8000000,true,서울 중구 명동길 255m 구간 명동 미디어폴
cmo5xlwwf000004lbjbvq13hq,명동 엠라이브 전광판 광고,digital,ooh,digital_signage,디지털 전광판,dooh_mid,static_other,8000000,true,서울 중구 명동8길 24
cmo5y3tzs000204jvsu1dt8ld,명동 케이 로드폴(K-Roadpole) 미디어 광고,digital,ooh,digital_signage,미디어폴,dooh_mid,static_other,8000000,true,서울 중구 명동길 50-1 (Media Pole)
cmox09v6k000004la61yzgxj1,명동 허주회관빌딩 전광판 광고,digital,ooh,digital_signage,전광판,dooh_mid,static_other,8000000,true,서울 중구 퇴계로 163
cmo5y9uma000204k1n0ly5ndh,명동 AVENUE 42 미디어폴 광고,digital,ooh,media_pole,미디어폴,dooh_mid,static_other,8000000,true,서울 중구 남대문로2가 140-1
cmpcascft000204kwtjycd0zc,목포 코아빌딩 전광판 광고,digital,ooh,digital_signage,전광판,dooh_mid,static_other,8000000,true,전라남도 목포시 옥암로 129 코아빌딩
cmoyjrhu1000004jubn133nyj,부산 지하철 1·3호선 연산역 디지털 사이니지 광고,digital,ooh,digital_signage,미디어필러,dooh_mid,subway_light,8000000,true,부산 연제구 중앙대로 지하 1101 (연산역 환승 구간)
cmqje4ew4000504la7yw31uh5,부산 지하철 2호선 디지털사이니지 패키지,digital,ooh,digital_signage,지하철,dooh_mid,subway_light,8000000,true,부산 해운대구 센텀남대로 지하 76 / 부산 사상구 사상로 123
cmptf5nk9000004lebz3i8yv9,블루스퀘어 미디어 광고,digital,culture,park,실내전광판,dooh_mid,static_other,8000000,true,서울특별시 용산구 이태원로 294 블루스퀘어
cmpthegrq000004lb9iccjkho,샤롯데시어터 디지털사이니지 광고,digital,ooh,digital_signage,실내전광판,dooh_mid,static_other,8000000,true,서울특별시 송파구 올림픽로 240
cmretjv9h000a04jv0j4vb59t,서면 롯데백화점 중앙몰 디지털 사이니지 광고,digital,shopping,mall,백화점/쇼핑몰,dooh_mid,static_other,8000000,true,부산 부산진구 중앙대로 730 롯데백화점 중앙몰 B1
cmretdztq000d04jzfoizdihm,서면 롯데백화점 중앙몰 디지털포스터 광고,digital,shopping,mall,백화점/쇼핑몰,dooh_mid,static_other,8000000,true,부산 부산진구 중앙대로 730 롯데백화점 중앙몰
cmretfj3p000604jv3d4h48ea,서면 롯데백화점 중앙몰 전광판 광고,digital,shopping,mall,백화점/쇼핑몰,dooh_mid,static_other,8000000,true,부산 부산진구 중앙대로 730 롯데백화점 중앙몰
cmpsk57c5000004l8o39qnxs2,서울 고속터미널 전자게시대 광고,digital,ooh,banner,전자게시대,dooh_mid,static_other,8000000,true,서울 서초구 신반포로 222 (반포동)
cmpwwytko000004jpqecqr1ro,서울 남부버스터미널 LED 전광판 광고,digital,ooh,digital_signage,LED전광판,dooh_mid,bus_exterior,8000000,false,서울특별시 서초구 효령로 292 서울남부버스터미널
cmp02a32h000804jx74rsirpz,서울대입구역 우남빌딩 전광판 광고,digital,ooh,digital_signage,전광판,dooh_mid,static_other,8000000,true,서울 관악구 관악로 185 우남빌딩
cmox1ktrm000004ky0zxhol2d,성수 연무장길 캔버스 LED 광고,digital,ooh,digital_signage,전광판,dooh_mid,bus_exterior,8000000,true,서울 성동구 연무장길
cmrn711g8000404ib3hct4qpy,성신여대입구역 강북미디어빌딩 전광판 광고,digital,,,빌딩 전광판,dooh_mid,static_other,8000000,true,서울 성북구 동소문로 83-1 강북미디어빌딩
cms4vn593000404jo50pv0lmb,스크린골프 미디어 (Screengolf) 광고,digital,entertainment,leisure,스크린골프,dooh_mid,static_other,8000000,true,"전국 스크린골프장 (매장 540개 / 미디어 4,713대)"
cmokcw7on000204jso0xml0r3,스타필드 고양점 미디어타워 & 파노라마 스크린 광고,digital,shopping,mall,쇼핑몰/마트,dooh_mid,static_other,8000000,true,경기 고양시 덕양구 고양대로 1955
cmq9a8fpc000704lceqlspz1v,스타필드 고양점 스탠딩&E.V홀 스크린 광고,digital,shopping,mall,스탠딩 스크린,dooh_mid,static_other,8000000,true,"경기 고양시 덕양구 고양대로 1955 , 1층"
cmq9b9j1h001d04jwpo1w4lac,스타필드 부천점 스탠딩&E.V홀 스크린 광고,digital,shopping,mall,스탠딩 스크린,dooh_mid,static_other,8000000,true,"경기 부천시 소사구 옥길로 1 , 1층"
cmq97wp63000304l1gzeec2b0,스타필드 부천점 LED 전광판 광고,digital,shopping,mall,LED전광판,dooh_mid,static_other,8000000,true,경기도 부천시 소사구 옥길로 1 스타필드 부천점
cmq98gjxy000704jj0lvh0o8q,스타필드 빌리지 운정점 LED 전광판 광고,digital,shopping,mall,LED전광판,dooh_mid,static_other,8000000,true,경기도 파주시 운정 스타필드 빌리지 3~4층
cmokchyi4000004js484675yf,스타필드 수원점 미디어타워 광고,digital,shopping,mall,쇼핑몰/마트,dooh_mid,static_other,8000000,true,경기 수원시 장안구 수성로 175
cmq9azr0v002604jsgrz6ggxd,스타필드 수원점 스탠딩&E.V홀 스크린 광고,digital,shopping,mall,스탠딩 스크린,dooh_mid,static_other,8000000,true,경기 수원시 장안구 수성로 175 스타필드 수원
cmq9bbwwm001g04jwwn990igi,스타필드 시티 명지점 스탠딩&E.V홀 스크린 광고,digital,shopping,mall,스탠딩 스크린,dooh_mid,static_other,8000000,true,"부산 강서구 명지국제6로 168 , 1층"
cmq9bfwbz000r04ieoiklvf0e,스타필드 시티 운정점 스탠딩&E.V홀 스크린 광고,digital,shopping,mall,스탠딩 스크린,dooh_mid,static_other,8000000,true,경기 파주시 와석순환로515번길 70 스타필드빌리지 파주운정점
cmq9b3pz1002904js6w1b0t7x,스타필드 시티 위례점 스탠딩&E.V홀 스크린 광고,digital,shopping,mall,스탠딩 스크린,dooh_mid,static_other,8000000,true,"경기 하남시 위례대로 200 , 1층"
cmp02df4n000c04l108l21ra9,스타필드 안성점 미디어타워 광고,digital,shopping,mall,미디어타워,dooh_mid,static_other,8000000,true,경기 안성시 공도읍 서동대로 3930-39 스타필드 안성점
cmq9alham001504js8vjdk66d,스타필드 안성점 스탠딩&E.V홀 스크린 광고,digital,shopping,mall,스탠딩 스크린,dooh_mid,static_other,8000000,true,경기 안성시 공도읍 서동대로 3930-39
cmq97zu2j000504l1jj94n7cy,스타필드 안성점 LED 전광판 광고,digital,ooh,digital_signage,LED전광판,dooh_mid,static_other,8000000,true,경기도 안성시 공도읍 서동대로 3930-39 스타필드 안성점
cmq97qr8m000004lh178f83fr,스타필드 위례점 LED 전광판 광고,digital,shopping,mall,LED전광판,dooh_mid,static_other,8000000,true,경기도 하남시 위례대로 200 스타필드 위례점
cmq99js80000204l7kldgf4a1,스타필드 하남점 스탠딩&E.V홀 스크린 광고,digital,shopping,mall,스탠딩 스크린,dooh_mid,static_other,8000000,true,경기 하남시 미사대로 750 스타필드 하남
cmst5ofuc000q04jsn0m0y8o0,스포애니 피트니스 센터 광고,digital,lifestyle,gym,피트니스,dooh_mid,static_other,8000000,true,서울 및 수도권 스포애니 피트니스 센터 50개 지점
cmsyx0h1c001c04ji8ck0gixm,시부야 스크램블 교차로 16면 싱크 전광판 광고,digital,ooh,digital_signage,대형 비전,dooh_mid,static_other,8000000,true,東京都渋谷区 (스크램블 교차점 일대)
cmsyvvvbi000c04jiczu69c5c,시부야 스타츠비전 전광판 광고,digital,ooh,digital_signage,대형 비전,dooh_mid,static_other,8000000,true,東京都渋谷区神南1-23-8
cmsywe2z2001604jvcecrobiz,시부야 시부크로비전 전광판 광고,digital,ooh,digital_signage,대형 비전,dooh_mid,static_other,8000000,true,東京都渋谷区道玄坂2-5-8
cmp65rrot000004jx2o87isb3,시청 근원빌딩 전광판 광고,digital,ooh,digital_signage,전광판,dooh_mid,static_other,8000000,true,서울시 중구 세종대로 91 근원빌딩
cmp87ybb1000004jrw92ua6bz,시청 대웅빌딩 전광판 광고,digital,ooh,digital_signage,전광판,dooh_mid,static_other,8000000,true,서울 중구 세종대로 83 대웅빌딩
cmrn6o2ez000904l75lkwwgol,신도림역 디큐브시티 LED 영상 광고,digital,shopping,mall,지하광장 LED 영상,dooh_mid,static_other,8000000,true,서울 구로구 새말로 93 디큐브시티 지하광장
cmnzk6cpf000004iefjf4kpq5,신사 가로수길 페이토 빌딩 전광판 광고,digital,ooh,digital_signage,디지털 전광판,dooh_mid,static_other,8000000,true,서울 강남구 도산대로 134
cmrap3eo4000004jv8b2tt90v,신사 BK빌딩 LED 전광판,digital,,,디지털 전광판,dooh_mid,static_other,8000000,true,서울특별시 강남구 도산대로 106 (신사 BK빌딩 외벽)
cmptfu901000204leus08dpvg,신세계 여주 프리미엄 아울렛 전광판 광고,digital,ooh,digital_signage,아울렛 전광판,dooh_mid,static_other,8000000,true,경기도 여주시 명품로 360 신세계사이먼 여주 프리미엄 아울렛
cmqhz0v45000104jii9gfjnfh,신세계백화점 대전점 미디어 광고,digital,shopping,mall,미디어광고,dooh_mid,static_other,8000000,true,대전광역시 유성구 도룡동 3-1 신세계백화점 대전점
cmptgcp8w000004lcetwqulfq,양양고속도로 가평휴게소 미디어 광고,digital,lifestyle,restaurant,휴게소 미디어,dooh_mid,static_other,8000000,true,경기도 가평군 설악면 미사리로540번길 51
cmst5r66x000r04l7zlsd0rm8,어시스트핏 헬스장 TV 광고,digital,lifestyle,gym,피트니스,dooh_mid,static_other,8000000,true,수도권 600여 개 피트니스 센터 (서울·경기·인천)
cmrl2hpgw000m04jp7f010nlv,여의도 파크원 미디어월 전광판 광고,digital,shopping,mall,미디어월 / 디지털 사이니지,dooh_mid,static_other,8000000,true,서울 영등포구 여의대로 108
cmoczcy54000004iinbh730xl,여의도 IFC 서브웨이 디지털 사이니지 광고,digital,ooh,digital_signage,쇼핑몰 LED,dooh_mid,static_other,8000000,true,서울 영등포구 국제금융로 10 IFC몰
cmp02e0n7000a04jx1rze9gst,여의도 IFC 시네마 DS 광고,digital,ooh,billboard,디지털 사이니지,dooh_mid,static_other,8000000,true,서울 영등포구 국제금융로 10 IFC몰
cmox1q6mc000004ju1dklxhhg,왕십리 비트플렉스 광고,digital,ooh,billboard,전광판,dooh_mid,static_other,8000000,true,서울 성동구 왕십리역 인근 비트플렉스
cmoczvfrm000204l5c1tjqi35,용산역 아이파크몰 3F 도파민스테이션 광고,digital,shopping,mall,쇼핑몰 LED,dooh_mid,static_other,8000000,true,서울 용산구 한강대로23길 55 아이파크몰 3층
cmoczr4q0000004l8h6aqllk3,용산역 아이파크몰 3F 싱크월 광고,digital,shopping,mall,쇼핑몰 LED,dooh_mid,static_other,8000000,true,서울 용산구 한강대로23길 55 아이파크몰 3층
cmoczjsgm000004l5okhk3t7g,용산역 아이파크몰 6F 시네마 싱크월 광고,digital,shopping,mall,쇼핑몰 LED,dooh_mid,static_other,8000000,true,서울 용산구 한강대로23길 55 아이파크몰
cmo3d2zum000604l65yp4p5wp,용산역 아이파크몰 미디어월 광고,digital,shopping,mall,디지털 전광판,dooh_mid,static_other,8000000,true,서울특별시 용산구 한강대로 23 용산 아이파크몰 3층 main 연결통로
cmpdbwneg000004ju3yqfxpqc,원주 남부시장사거리 전광판 광고,digital,ooh,digital_signage,전광판,dooh_mid,static_other,8000000,true,강원도 원주시 치악로 1793
cmox0mx35000204i8odbpwgvl,을지로 정산빌딩 전광판 광고,digital,ooh,digital_signage,전광판,dooh_mid,static_other,8000000,true,서울 중구 을지로4가 125
cms4e45j8000004jo3l2o58a7,이마트24 본점 쇼윈도 LED 사이니지 광고,digital,shopping,convenience,쇼윈도 LED 사이니지,dooh_mid,static_other,8000000,true,서울시 성동구 광나루로 310
cms4e1jrq000004kywtej4ieu,이마트24 STAY 성동성수점 쇼윈도 LED 사이니지,digital,shopping,convenience,쇼윈도 LED 사이니지,dooh_mid,static_other,8000000,true,서울시 성동구 성수이로7길 1
cmo61hvk4000004juhpy0zn8i,이태원 무신사 에비뉴빌딩 전광판 광고,digital,ooh,digital_signage,디지털 전광판,dooh_mid,static_other,8000000,true,서울 용산구 이태원로 191 무신사스튜디오 한남점
cmqa6k2lz000304jvk9ikbnl3,인천 구월로데오광장 전광판 광고,digital,ooh,digital_signage,전광판,dooh_mid,static_other,8000000,true,인천광역시 남동구 성말로 12 구월로데오광장
cmqjhyh05000404jsdl9go5ht,인천 송도 가로등 미디어 스트리트 광고,digital,shopping,mall,디지털 사이니지,dooh_mid,static_other,8000000,true,인천광역시 연수구 송도동 트리플스트리트 A동~D동 가로수길
cmqk6ykiq000704jpkzc6z6i3,인천 송도 트리플스트리트 미디어터널 광고,digital,shopping,mall,디지털 사이니지,dooh_mid,static_other,8000000,true,인천광역시 연수구 송도동 현대프리미엄아울렛 ~ 트리플스트리트 B1 연결통로
cmqk75i0a000h04jpxjru9hpr,인천 송도 A~C동 지하 연결통로 미디어 월 광고,digital,shopping,mall,디지털 사이니지,dooh_mid,static_other,8000000,true,인천광역시 연수구 송도동 트리플스트리트 B1 A~C동 연결통로
cmokde10o000604l1gcqhdeng,인천공항 T2 미디어폴 광고,digital,ooh,media_pole,공항 디지털 LED,dooh_mid,airport,8000000,true,인천광역시 중구 공항로 272 인천국제공항 제2여객터미널 3층 출발 복도
cmofsvh69000004l7c8q2w5fc,잠실 롯데월드몰 미디어 샹들리에 광고,digital,shopping,mall,전광판,dooh_mid,static_other,8000000,true,서울 송파구 올림픽로 300
cmofszw06000204l7i195fgqb,잠실 롯데월드몰 스퀘어 스탠딩 광고,digital,shopping,mall,쇼핑몰,dooh_mid,static_other,8000000,true,서울 송파구 올림픽로 300
cmoft2k1s000404l7zd4cu9kr,잠실 롯데월드몰 커브드 스탠딩 광고,digital,shopping,mall,쇼핑몰,dooh_mid,static_other,8000000,true,서울 송파구 올림픽로 300
cmrm2f88q000204kydtp2vmzj,전통시장 LED 전광판 광고,digital,shopping,market,전통시장 LED 전광판,dooh_mid,static_other,8000000,true,서울 광진구·중랑구·관악구·노원구 / 경기도 광명시·부천시 전통시장
cmqa7t29m000404l4hc1dw5zl,제주공항 1층 국내/국제 경계선 LED 광고,digital,ooh,digital_signage,공항 디지털OOH,dooh_mid,airport,8000000,true,제주특별자치도 제주시 공항로 2 제주국제공항 1층 국내/국제선 경계 지점
cmqa7egri000204jukbc91zqd,제주공항 1층 도착장 LED 광고,digital,ooh,digital_signage,공항 디지털OOH,dooh_mid,airport,8000000,true,제주 제주시 공항로 2 제주국제공항
cmqa7wy4o000204iegd2fmtl5,제주공항 2층 면세구간 사각기둥 LED 광고,digital,ooh,digital_signage,공항 디지털OOH,dooh_mid,airport,8000000,true,제주특별자치도 제주시 공항로 2 제주국제공항 2층 JDC 면세구간
cmqa924nc000204ky1c141kst,제주공항 국내선 출발/도착 DS 광고 (패키지),digital,ooh,digital_signage,디지털 사이니지,dooh_mid,airport,8000000,true,"제주특별자치도 제주시 공항로 2 제주국제공항 (국내선 3층 출발 A, 국내선 1층 도착, 국제선 3층 출발)"
cmpa2v7id000004juw4qne70o,종로 건세빌딩 전광판 광고,digital,ooh,digital_signage,전광판,dooh_mid,static_other,8000000,true,서울 종로구 새문안로 21 건세빌딩
cmpa2y6rs000104jls9rl0wjh,종로 큐브빌딩 전광판 광고,digital,ooh,digital_signage,전광판,dooh_mid,static_other,8000000,true,서울 종로구 사직로10길 2 큐브빌딩
cmqtci0ny000204l8dw0fq4mz,지하철 강남역 신분당선 출구 디지털 사이니지 광고,digital,ooh,digital_signage,출구 디지털 사이니지,dooh_mid,subway_light,8000000,true,서울 강남구 강남대로 396 강남역 3~6번 출구
cmocxq02c000004ksy5yojeqb,채널 코엑스 미디어 광고,digital,shopping,mall,쇼핑몰 LED,dooh_mid,static_other,8000000,true,서울 강남구 영동대로 513 코엑스몰
cmocx8yee000204k1k7fxy3m0,코엑스 나인투나인 큐브 광고,digital,ooh,billboard,쇼핑몰 LED,dooh_mid,static_other,8000000,true,서울 강남구 영동대로 513 코엑스몰
cmppljk1g000b04kzoztgrsuh,코엑스 브랜드에비뉴(C-LIVE) 광고,digital,shopping,mall,브랜드에비뉴,dooh_mid,static_other,8000000,true,서울 강남구 영동대로 513 코엑스 밀레니엄 광장
cmppk9clv001v04jrmrd2e4vv,코엑스 언더월드 파노라마 광고,digital,shopping,mall,미디어월,dooh_mid,static_other,8000000,true,서울 강남구 영동대로 513 코엑스몰
cmrkzdyik000304joss2awelw,코엑스 S-LIVE 미디어 광고,digital,shopping,mall,스트리트 디지털 사이니지,dooh_mid,static_other,8000000,true,서울 강남구 영동대로 513
cmppklr9i001d04jvmndwnnl2,코엑스 XPACE 브릿지 광고,digital,entertainment,concert,브릿지 미디어,dooh_mid,static_other,8000000,true,서울 강남구 영동대로 513 코엑스
cmppl4vg7000004jrvdukvwgz,코엑스 XPACE 빅브릿지 광고,digital,entertainment,concert,빅브릿지,dooh_mid,static_other,8000000,true,서울 강남구 영동대로 513 코엑스
cmppld6o5000104l7280vmqhe,코엑스 XPACE 스퀘어브릿지 광고,digital,entertainment,concert,스퀘어브릿지,dooh_mid,static_other,8000000,true,서울 강남구 영동대로 513 코엑스
cmpplau20000304jjpk4dvmix,코엑스 XPACE 엣지컬럼 광고,digital,entertainment,concert,엣지컬럼,dooh_mid,static_other,8000000,true,서울 강남구 영동대로 513 코엑스
cmppl6vlf000204kzyig0m1g5,코엑스 XPACE 와이드브릿지 광고,digital,entertainment,concert,와이드브릿지,dooh_mid,static_other,8000000,true,서울 강남구 봉은사로 524 코엑스
cms4dirsw000204jr67k9mlqi,트렌드랩 성수 이마트24 쇼윈도 파사드 LED 사이니지 광고,digital,shopping,convenience,쇼윈도 LED 사이니지,dooh_mid,static_other,8000000,true,"서울시 성동구 아차산로 104, 스탈릿 성수 1층"
cms4eaiq9000004l7rwt2xihe,트렌드랩 성수 이마트24 카운터사이니지 광고,digital,shopping,convenience,카운터 사이니지,dooh_mid,static_other,8000000,true,"서울시 성동구 아차산로 104, 스탈릿 성수"
cms4ea28e000004ju3mr3xtcb,트렌드랩 성수 이마트24 TO-GO Zone 멀티비전 광고,digital,shopping,convenience,멀티비전,dooh_mid,static_other,8000000,true,"서울시 성동구 아차산로 104, 스탈릿 성수"
cmp8jj2au000004jvi9uf9jmn,평택 통복시장 전광판 광고,digital,ooh,digital_signage,전광판,dooh_mid,static_other,8000000,true,경기 평택시 통복로 43
cms4wyq9z000404lbloxp4v66,해운대구 전자게시대 광고,digital,ooh,digital_signage,전자게시대,dooh_mid,static_other,8000000,true,부산광역시 해운대구 (중동교차로 / 송정삼거리)
cms5p5r8u00030akks8cbe7pj,현대백화점 신촌점 유플렉스 지하 연결통로 LCD 광고,digital,shopping,mall,LCD,dooh_mid,static_other,8000000,true,서울특별시 서대문구 신촌동 30-1 현대백화점 신촌점 (신촌역 8번 출구 방향 지하연결통로)
cms5ovxek000204jq9ybo6q7c,현대백화점 신촌점 유플렉스 패키지 광고,digital,shopping,mall,전광판,dooh_mid,static_other,8000000,true,서울특별시 서대문구 신촌동 30-1 현대백화점 신촌점
cmoifyo3g000004ldc5rkbj53,홍대 오트파사드 E-DISPLAY & 아트월 광고,digital,ooh,wall_mural,빌보드,dooh_mid,static_other,8000000,true,서울 마포구 동교동 160-7
cmou0ysdd000004jvwwhpj04x,홍대 토니모리 전광판 광고,digital,ooh,digital_signage,전광판,dooh_mid,static_other,8000000,true,서울 마포구 홍익로 3길 1
cmqafbhc3000204jpkne5ybz6,AK플라자 분당점 스퀘어 LED 광고,digital,shopping,mall,LED전광판,dooh_mid,static_other,8000000,true,"경기 성남시 분당구 황새울로360번길 42 , 1층"
cmqaeqzrx000104i5124jpxif,AK플라자 수원점 LED 광고,digital,shopping,mall,LED전광판,dooh_mid,static_other,8000000,true,경기도 수원시 팔달구 덕영대로 924 AK플라자 수원
cmqaedojj000p04laqr25pbdl,AK플라자 평택점 LED 광고,digital,shopping,mall,LED전광판,dooh_mid,static_other,8000000,true,경기도 평택시 평택로 35 AK플라자 평택점 3층
cmqussobh000104l2pw60qme2,KTX 서울역 브릿지 전광판 광고,digital,ooh,digital_signage,역사 브릿지 디지털 미디어,dooh_mid,static_other,8000000,true,서울 용산구 한강대로 405 KTX 서울역 맞이방 브릿지 미디어
cmqjivdxk000004js6ltgkr6n,KTX 오송역 LED 영상광고,digital,ooh,digital_signage,KTX·철도,dooh_mid,static_other,8000000,true,충청북도 청주시 흥덕구 오송읍 오송가락로 123
cmoyjxgn5000004lepbkbec5l,NC 다이노스 메인 전광판 광고,digital,entertainment,leisure,전광판,dooh_mid,static_other,8000000,true,경남 창원시 마산회원구 삼호로 63 (창원 NC파크)
cmof5417k000204lanx892ehf,강남 미진프라자 래핑 아트월 광고,static,ooh,wall_mural,빌보드,static_other,static_other,15000000,true,서울 강남구 강남대로 390 미진프라자
cmrg5360d000104l7s0vllbeq,강남 센타빌딩 대형 외벽 아트월 광고,static,ooh,wall_mural,건물 외벽,static_other,static_other,15000000,true,서울 강남구 강남대로 388
cmp02kgeh000804kz7pc7pv1t,강남 센트럴시티 언더월드 패브릭5 광고,static,shopping,mall,라이트박스,static_other,static_other,15000000,true,서울 서초구 신반포로 176 센트럴시티
cmp02lm2d000c04kzu8wo3e6z,강남 센트럴시티 이마트24상단 라이트박스 광고,static,shopping,mall,라이트박스,static_other,static_other,15000000,true,서울 서초구 신반포로 176 센트럴시티
cmp02tc6b000e04l73w1ycspt,강남 센트럴시티 지하주차장 라이트박스 광고,static,shopping,mall,라이트박스,static_other,static_other,15000000,true,서울 서초구 신반포로 176 센트럴시티 지하주차장
cmp02mv9s000e04l1tlkvxy7a,강남 센트럴시티 커튼월 라이트 박스 광고,static,shopping,mall,라이트박스,static_other,static_other,15000000,true,서울 서초구 신반포로 176 센트럴시티
cmp0fvmmi000804jit9tm56ts,강남 어메이징 파르나스 라이트박스 광고,static,shopping,mall,라이트박스,static_other,static_other,15000000,true,서울 강남구 테헤란로 521 파르나스몰
cmp0fqllg000c04l224m03z8e,강남 파고다타워 파나플렉스 광고,static,ooh,wall_mural,외벽래핑,static_other,static_other,15000000,true,서울 서초구 강남대로 419 파고다타워
cmnz9wm17000004kyd4r72mug,강남 한승빌딩 외벽 아트월 광고,static,ooh,wall_mural,옥외 빌보드,static_other,static_other,15000000,true,서울특별시 서초구 강남대로 423
cmo6gk9yq000004jy9q2ef964,강남 GT 대각 빌딩 외벽 아트월 광고,static,ooh,wall_mural,빌보드,static_other,static_other,15000000,true,서울 서초구 서초대로78길 5 GT 대각 빌딩
cmo6hq2qh000004lh3w4fkelt,강남대로 K1 빌보드 광고,static,ooh,billboard,디지털 빌보드,static_other,static_other,15000000,true,서울 강남구 강남대로 502
cmrsrt7e4000204i9y7tfd360,게릴라 포스터 광고,static,etc,other,게릴라 포스터,static_other,static_other,15000000,true,"서울 주요 상권 (성수, 홍대, 강남, 신사, 이태원, 명동 등 광고주 선택)"
cmo6oy4p3000204jpnmztukt2,고촌역 김포 송청빌딩 벽면 빌보드 광고,static,ooh,billboard,벽면 래핑,static_other,static_other,15000000,true,경기도 김포시 김포대로 337
cmo736x3q000004jifhtq72xs,고촌역 김포 아라베스트빌 벽면 빌보드 광고,static,ooh,billboard,벽면 래핑,static_other,static_other,15000000,true,경기도 김포시 고촌읍 김포대로 349 아라베스트빌
cmr1kpnhr000009i03t4nfmf4,고촌역 김포 헤센 스마트 오피스텔 벽면 광고,static,ooh,billboard,건물 외벽 대형 현수막,static_other,static_other,15000000,true,경기도 김포시 김포대로 328 헤센 스마트 오피스텔
cms4mlmkj000l04k0pqvlmlop,고파스빌딩 외벽 아트월 광고,static,ooh,wall_mural,파사드,static_other,static_other,15000000,true,서울특별시 용산구 한남대로11길 12
cmo6r9dxn000004i316q9ls20,광주 상무지구 옥탑광고 광고,static,ooh,billboard,옥탑광고,static_other,static_other,15000000,true,광주광역시 서구 상무대로 825
cmowvovxf000004l756ss68ih,광화문 이화빌딩 빌보드 광고,static,ooh,billboard,빌보드,static_other,static_other,15000000,true,서울 종로구 신문로1가 135-2
cms4wddpu000m04jok4c1bi15,광화문 지하보도 사각기둥  라이트박스 광고,static,shelter,city_furniture,라이트박스,static_other,static_other,15000000,true,서울특별시 종로구 세종대로 (5호선 광화문역 5번 출입구 연결통로)
cmo61zsuy000004l550h1bjvu,남산터널빌딩 외벽 아트월 광고,static,ooh,wall_mural,파사드,static_other,static_other,15000000,true,서울특별시 중구 필동로8가길 56
cmo73nwwl000204jo7djnf700,대구 로얄빌딩 외벽 래핑 광고,static,ooh,wall_mural,벽면 래핑,static_other,static_other,15000000,true,대구광역시 중구 중앙대로 421 로얄빌딩
cmrl2slo4000n04lau914hdkb,도산대로 SEDEC 외벽 광고,static,ooh,wall_mural,건물 외벽 현수막,static_other,static_other,15000000,true,서울 강남구 도산대로 223
cms4m5lrj000804l77jabsyr9,드림한남 빌보드 옥탑 광고,static,ooh,billboard,파사드,static_other,static_other,15000000,true,서울특별시 용산구 한남동 한남대로21길 8
cmo5xrw45000004k1o6opfqkz,명동 K파이낸스빌딩 외벽 아트월 광고,static,ooh,wall_mural,건물 랩핑,static_other,static_other,15000000,true,서울 중구 남대문로 55 K파이낸스빌딩
cmo5xculn000004kz69e9mue7,명동빌딩 외벽 플렉스 광고,static,ooh,wall_mural,외벽 플렉스,static_other,static_other,15000000,true,서울 중구 회현동3가 1-5 명동빌딩
cms3o4dtk000d04l4snzgk8va,명동역 삼영빌딩 파사드 광고,static,ooh,wall_mural,파사드,static_other,static_other,15000000,true,서울특별시 중구 퇴계로 116-1 (명동역 4번 출구 앞)
cmoxs5x0z000005lb7oywk1ge,부산 카페 라푀유 외벽 광고,static,ooh,wall_mural,빌보드,static_other,static_other,15000000,true,부산 수영구 광안해변로 243-1
cms3moo9z000l0bj5xddii0mt,부산 해운대 글로리콘도 외벽 아트월 광고,static,ooh,wall_mural,파사드,static_other,static_other,15000000,true,부산광역시 해운대구 해운대해변로 243 (글로리관광휴양콘도미니엄)
cmrep774v000304jrv9zmylys,부산 해운대 엘리시아 호텔 외벽 광고,static,ooh,wall_mural,빌보드,static_other,static_other,15000000,true,부산 해운대구 구남로 49
cmp0elflu000004jstutwqozo,성수 호텔포코 빌보드 광고,static,ooh,billboard,빌보드,static_other,static_other,15000000,true,서울 성동구 성수이로 96 호텔포코 빌딩
cmnzd5ryk000004l40ww1vr5n,성수 SPACE-S50 외벽 아트월 광고,static,ooh,wall_mural,옥외 빌보드,static_other,static_other,15000000,true,서울 성동구 성수동
cmq3whqri000h04lgafc3x5zu,성수동 길동우동 외벽 광고,static,ooh,wall_mural,외벽광고,static_other,static_other,15000000,true,서울특별시 성동구 성수동2가 연무장길 44 길동우동
cmq3vyc6o000004jm5h9a4yki,성수동 대림창고 외벽광고,static,ooh,wall_mural,외벽광고,static_other,static_other,15000000,true,서울특별시 성동구 성수이로 78 대림창고
cmq3w55p4000304lg3tqbvgtw,성수동 렉트 외벽광고,static,ooh,wall_mural,외벽광고,static_other,static_other,15000000,true,서울특별시 성동구 성수동2가 연무장길 65
cmq3wpngl000804l55es4eret,성수동 성화빌딩 외벽광고,static,ooh,wall_mural,외벽광고,static_other,static_other,15000000,true,서울특별시 성동구 성수동1가 뚝섬로3길 13 성화빌딩
cmq3x2965000m04l5hq30xrp5,성수동 연무장 H4 외벽광고,static,ooh,wall_mural,외벽광고,static_other,static_other,15000000,true,서울특별시 성동구 성수동2가 연무장길 H4 빌딩
cmq3wwc63000j04lgcmp77yeg,성수동 자연도소금빵 외벽 광고,static,ooh,wall_mural,매장 제휴 광고,static_other,static_other,15000000,true,서울특별시 성동구 성수동2가 321-74
cmq3wd9aw000504l5lfq1lha8,성수동 한서빌딩 외벽광고,static,ooh,wall_mural,외벽광고,static_other,static_other,15000000,true,서울특별시 성동구 성수동2가 연무장7길 16 한서빌딩
cmq3x5pvz000504jpapuvuztt,성수동 KDB 산업은행 외벽 광고,static,ooh,wall_mural,빌딩 제휴 광고,static_other,static_other,15000000,true,서울특별시 성동구 성수동2가 317-23
cmokcok1s000204l1rtbt1scz,스타필드 하남 주차장 파노라마 광고,static,shopping,mall,쇼핑몰/마트,static_other,static_other,15000000,true,경기 하남시 신장동 616
cmoigbimb000004ibtxtg5y5e,시청 광학빌딩 외벽 아트월 광고,static,ooh,wall_mural,빌보드,static_other,static_other,15000000,true,서울 중구 세종대로 93
cmo5yramn000504jul2h2i3y6,시청 프레지던트호텔 아트월 광고,static,ooh,wall_mural,건물 아트월,static_other,static_other,15000000,true,서울 중구 을지로 16 프레지던트호텔
cmo6g7xfd000004jrfk5ppql0,신논현역 한웰빌딩 빌보드 광고,static,ooh,billboard,빌보드,static_other,static_other,15000000,true,서울 강남구 강남대로 446 한웰빌딩
cmnzek19o000004l49pqmjq6k,신사 휴먼타워 래핑 광고,static,ooh,billboard,건물 래핑,static_other,static_other,15000000,true,서울 서초구 강남대로 605
cmnzaaifg000004ldkwd7yj8f,신사 K타워 빌보드 광고,static,ooh,billboard,빌보드,static_other,static_other,15000000,true,서울 강남구 신사동 도산대로 중심부
cms3p27nk000004icevxm2ffx,신사역 메가센트로 빌보드 옥탑 광고,static,ooh,billboard,옥탑 / 파사드,static_other,static_other,15000000,true,서울특별시 강남구 강남대로 606 삼주빌딩
cms3q686c000204l4wv3k593g,신사역 메가하이터 외벽 아트월 광고,static,ooh,wall_mural,외벽 / 파사드,static_other,static_other,15000000,true,"서울특별시 강남대로 616 신사미타워 (신사역 6, 7번 출구 앞)"
cms3p572i000204l7j1bvqn87,신사역 K-Tower 외벽 아트월 광고,static,ooh,wall_mural,외벽 래핑 / 파사드,static_other,static_other,15000000,true,서울특별시 서초구 강남대로 621 K타워
cmod04f4x000204l8m0o0ejqq,신승빌딩(뚝방닭구이) 외벽 아트월 광고,static,ooh,billboard,빌보드,static_other,static_other,15000000,false,서울 용산구 한강대로54길 25 신승빌딩
cmoe2sdbn000004lb3yqhzoos,신촌 스타빌딩 외벽 아트월 광고,static,ooh,wall_mural,빌보드,static_other,static_other,15000000,true,서울 서대문구 연세로5길 4 신촌 스타빌딩
cmoigmub4000204ldy691acwo,압구정 제원빌딩 외벽 아트월 광고,static,ooh,wall_mural,빌보드,static_other,static_other,15000000,true,서울 강남구 압구정로 218
cmoftn5sa000004i2czjp6nxx,압구정로데오 H2 광고,static,ooh,billboard,빌보드,static_other,static_other,15000000,true,서울 강남구 선릉로 842
cmra67eet000104l76ok7mf72,양양서피비치 선셋바 포토월 광고,static,entertainment,leisure,포토월 광고,static_other,static_other,15000000,true,강원도 양양군 현북면 서피비치 선셋바
cmocvh2o3000204jpgayoew86,여의도 IFC 파노라마 200 광고,static,shopping,mall,파노라마,static_other,static_other,15000000,true,서울 영등포구 국제금융로 10 IFC몰
cms4lzj69000204l7d8qw283n,오뜨한남 옥탑 빌보드 광고,static,ooh,billboard,파사드,static_other,static_other,15000000,true,서울특별시 용산구 한남동 한남대로10길 60
cmod0qyqw000004jsjszwr5ga,용산 라부티크 블루 외벽 아트월 광고,static,ooh,wall_mural,아트월,static_other,static_other,15000000,true,서울 용산구 이태원로55길 45
cmof4rf1t000004la8mqc92io,용산 무경빌딩 외벽 아트월 광고,static,ooh,wall_mural,빌보드,static_other,static_other,15000000,true,서울 용산구 한강대로52길 17-3 무경빌딩
cmnz82khn000004kzmu9sap6n,이태원 178 파나플렉스 광고,static,ooh,billboard,파나플렉스,static_other,static_other,15000000,true,서울 용산구 이태원로 중심 상권 (이태원 178 건물 외벽)
cmo61x9p2000004l74urruqao,이태원 모드 127 외벽 아트월 광고,static,ooh,wall_mural,외벽 아트월,static_other,static_other,15000000,true,서울 용산구 이태원로 190 모드 127
cmoig8ceq000204jxf3m4kqhl,이태원 한남 스퀘어 광고,static,ooh,billboard,빌보드,static_other,static_other,15000000,true,서울 용산구 이태원로 228
cmo61lsrg000204juraw6dpsw,이태원역 178 외벽 아트월 광고,static,ooh,wall_mural,외벽 파나플렉스,static_other,static_other,15000000,true,서울 용산구 이태원로 178
cmr1kidch00000aj575bp4lag,인천 검단 라페온 빌딩 벽면 광고,static,ooh,billboard,건물 외벽 대형 현수막,static_other,static_other,15000000,true,인천광역시 서구 원당대로 1029 라페온 빌딩
cmox0f1q5000004ic5ttjyd43,종각 보신각 외벽 아트월 광고,static,ooh,wall_mural,빌보드,static_other,static_other,15000000,true,서울 종로구 관철동 45-1 보신각 빌딩
cmqt1otrs00000ajfv6siozwr,종로 북촌 57갤러리 카페 외벽,static,ooh,wall_mural,건물 외벽 현수막,static_other,static_other,15000000,true,서울 종로구 율곡로3길 17 57갤러리 카페 외벽
cmox0m6iv000004ji7jygb54t,종로3가역 12번 출구 옥상빌보드 광고,static,ooh,billboard,빌보드,static_other,static_other,15000000,false,서울 종로구 종로 138-1
cmnzdrhjl000004lbqyg22tag,코엑스 파르나스 더 그랜드 광고,static,ooh,billboard,라이트박스,static_other,static_other,15000000,true,"서울 강남구 삼성동 (삼성역 사거리 중심, 파르나스 호텔 외벽)"
cmr9xedzi000a04layhba2ulc,택배카보드 차량 광고,mobile,,,택배카보드 광고,static_other,static_other,15000000,true,서울 전역 택배 배송 트럭 (대당 3면 보드)
cmoighgdj000004ldv7i295em,한강진 한남 카시나 외벽 아트월 광고,static,ooh,wall_mural,빌보드,static_other,static_other,15000000,true,서울 용산구 이태원로 266
cmod0byfm000404l8lvj87iy2,한남 HILLS 외벽 아트월 광고,static,ooh,wall_mural,아트월,static_other,static_other,15000000,true,서울 용산구 독서당로 113
cms4m3k31000204l4q05nxo84,한남158 외벽 아트월 광고,static,ooh,wall_mural,파사드,static_other,static_other,15000000,true,서울특별시 용산구 한남대로 158
cmou0cw0o000005l4i9f0x9tr,홍대 나비타워 빌보드 광고,static,ooh,billboard,빌보드,static_other,static_other,15000000,true,서울 마포구 양화로 177-1
cmoiok6vc000004ihc65he4vc,홍대 동교빌딩 외벽 아트월 광고,static,ooh,wall_mural,빌보드,static_other,static_other,15000000,true,서울 마포구 동교로 226
cmnzdx938000004juq74t26bh,홍대 예술의거리 아베르 외벽 아트월 광고,static,ooh,wall_mural,외벽형 현수막,static_other,static_other,15000000,true,서울 마포구 어울마당로 78
cmoifb6d1000004jv1ytpm5pz,홍대 파라다이스텔 빌보드 광고,static,ooh,billboard,빌보드,static_other,static_other,15000000,true,서울 마포구 양화로 157
cmoih1s8z000004l1pvbm5n9p,홍대 한울빌딩 외벽 아트월 광고,static,ooh,wall_mural,빌보드,static_other,static_other,15000000,true,서울 마포구 양화로21길 33
cmnz9yrxe000004l288jjt5uw,홍대 L7 빌보드 아트월 광고,static,ooh,wall_mural,아트월,static_other,static_other,15000000,true,"서울 마포구 양화로 141, 홍대입구역 사거리 (L7 홍대 바이 롯데 외벽)"
cmox0q2ce000404i8sdxeirk1,홍대 M-스크린 배너 광고,static,ooh,billboard,빌보드,static_other,static_other,15000000,true,서울 마포구 양화로 175 홍대 M-스크린
cmoifgrsi000004jxzwxudz86,홍대입구 고종환빌딩 그래피티 외벽 광고,static,ooh,wall_mural,빌보드,static_other,static_other,15000000,true,서울 마포구 서교동 358-1
cmrpvsn0k000p04l7ddhs9bwc,HD한양주유소 빌보드 광고,static,ooh,billboard,건물 외벽 아트월,static_other,static_other,15000000,true,서울 강남구 압구정로 302 HD한양주유소
cmrkysn91000304jrl3toj3aa,강남 고속버스터미널 미디어타워 광고,digital,transit,ktx_terminal,버스터미널 DOOH,subway_light,bus_exterior,15000000,true,서울 서초구 신반포로 194
cmox1if98000004l8xl49fghr,강변 동서울터미널 LED 전광판 광고,digital,transit,ktx_terminal,버스 터미널 LED 전광판,subway_light,static_other,15000000,true,서울 광진구 강변역로 50 동서울터미널 대합실
cmpwxsqf5000004jst7x1huq3,KTX 경주역 출입구 상단 조명 광고 (1번/2번),static,transit,ktx_terminal,조명광고,subway_light,static_other,15000000,false,경상북도 경주시 건천읍 경주역로 80
cmpwy0iwv000204jsg5oa2bu2,KTX 경주역 LED전광판 광고,digital,transit,ktx_terminal,LED전광판,subway_light,static_other,15000000,true,경상북도 경주시 건천읍 경주역로 80
cmox0xdjc000404lb6lzkne7o,KTX 서울역 2층 대합실 와이드칼라 광고,static,transit,ktx_terminal,기차역 대합실,subway_light,static_other,15000000,true,"서울 용산구 한강대로 405 서울역 2층 대합실 (1,2,3번)"
cmox0lshg000004lbfe6jk8kv,KTX 서울역 디지털 사각기둥 광고,digital,transit,ktx_terminal,공항/기차,subway_light,static_other,15000000,true,서울 용산구 한강대로 405 서울역 광장
cmox0sfp5000204l8m1w65p63,KTX 서울역 벽면 랩핑 광고,static,transit,ktx_terminal,공항/기차,subway_light,static_other,15000000,true,서울 용산구 한강대로 405 서울역
cmox0s8av000004l83l8u9wfc,KTX 서울역 원형기둥 광고,static,transit,ktx_terminal,기차역 기둥,subway_light,static_other,15000000,true,서울 용산구 한강대로 405 서울역 (지상/지하)
cmrx2jg0z001n04jr751ualgm,KTX 전주역 맞이방 영상광고 (4번) 광고,digital,transit,ktx_terminal,역사 영상광고,subway_light,static_other,15000000,true,전북 전주시 덕진구 동부대로 680 전주역 맞이방
cmqizh08z000404laszysuo5x,KTX 차내 액자 광고,mobile,transit,ktx_terminal,KTX 차내 액자,subway_light,static_other,15000000,true,"KTX 전국 노선 차내 (객실 내부, 연동 통로, 열차 출입구)"
cmqizalfq000404l2fzm01b4z,KTX 차내 영상 광고,mobile,transit,ktx_terminal,KTX 차내 영상,subway_light,static_other,15000000,true,"KTX 전국 노선 차내 모니터 (경부선, 호남선, 전라선 등)"
cmqizv1gn000104ik5abt93ut,KTX 차내 자막 광고,mobile,transit,ktx_terminal,KTX 차내 자막,subway_light,static_other,15000000,true,KTX 전국 노선 차내 모니터
cmp01ri6p000604l5uybv0qkr,KTX 청량리역 사각기둥 광고,static,transit,ktx_terminal,기둥광고,subway_light,static_other,15000000,true,서울 동대문구 왕산로 214 KTX청량리역
cmrs1j58n000204l4ru5olaev,SRT 수서역 스마트 안전 게이트 광고,digital,transit,ktx_terminal,기차역 디지털 게이트,subway_light,static_other,15000000,true,서울 강남구 광평로 지하 270 수서역 3번 출구 SRT 개찰구
cmofozazn000004jxwwapnyz9,2호선 건대입구역 디지털포스터 지하철 광고,digital,transit,subway_station,지하철,subway_psd,subway_light,15000000,true,서울 광진구 아차산로 243
cmofpfkgk000004l5b0uvgv6t,2호선 사당역 디지털포스터 지하철 광고,digital,transit,subway_station,지하철,subway_psd,subway_light,15000000,true,서울 동작구 남부순환로 지하 2089
cmofp8byj000004jrqctglqs7,2호선 잠실역 디지털포스터 지하철 광고,digital,transit,subway_station,지하철,subway_psd,subway_light,15000000,true,서울 송파구 올림픽로 지하 265
cmqstjysd000309j6jbcz5dc4,가산디지털단지역 지하철 7호선 CM보드 영상 광고 (디지털),digital,transit,subway_station,지하철 CM보드,subway_psd,subway_light,15000000,true,서울 금천구 벚꽃로 309 가산디지털단지역 대합실
cmqstojg700000akuo08nqrm2,가산디지털단지역 지하철 7호선 CM보드 조명 광고 (인쇄),static,transit,subway_station,지하철 CM보드,subway_psd,subway_light,15000000,true,서울 금천구 벚꽃로 309 가산디지털단지역 대합실
cmp0fpvkv000204l5gk6h9z1f,강남 파고다타워 파나플렉스&랩핑 광고,static,transit,subway_station,외벽래핑 + 빌보드,subway_psd,static_other,15000000,true,서울 서초구 강남대로 419 파고다타워
cmqsuwnmd00020akqsftkqat9,강남구청역 지하철 7호선 CM보드 영상 광고 (디지털),digital,transit,subway_station,지하철 CM보드,subway_psd,subway_light,15000000,true,서울 강남구 학동로 402 강남구청역 대합실
cmoeiyvcf000004ky64k0c9ri,강남역 자이언트월 미디어 광고,digital,transit,subway_station,지하철,subway_psd,static_other,15000000,true,서울 강남구 강남대로 지하 396
cmqsvnjwc00000aja5g41bt7c,강동역 지하철 5호선 CM보드 영상 광고 (디지털),digital,transit,subway_station,지하철 CM보드,subway_psd,subway_light,15000000,true,서울 강동구 천호대로 1097 강동역 대합실
cmqsvijtu000204jphuqbhlm3,강동역 지하철 5호선 CM보드 조명 광고 (인쇄),static,transit,subway_station,지하철 CM보드,subway_psd,subway_light,15000000,true,서울 강동구 천호대로 1097 강동역 대합실
cmqst3drx00000ai11qdpmkqk,건대입구역 지하철 7호선 CM보드 영상 광고 (디지털),digital,transit,subway_station,지하철 CM보드,subway_psd,subway_light,15000000,true,서울 광진구 아차산로 243 건대입구역 대합실
cmqst5w6p000109kpkfqfo4sz,건대입구역 지하철 7호선 CM보드 조명 광고 (인쇄),static,transit,subway_station,지하철 CM보드,subway_psd,subway_light,15000000,true,서울 광진구 아차산로 243 건대입구역 대합실
cmqssz39f000004kzyxy94y0t,고속터미널역 지하철 7호선 CM보드 영상 광고 (디지털),digital,transit,subway_station,지하철 CM보드,subway_psd,subway_light,15000000,true,서울 서초구 신반포로 194 고속터미널역 대합실
cmqst2ikt000009jky9e0xgbj,고속터미널역 지하철 7호선 CM보드 조명 광고 (인쇄),static,transit,subway_station,지하철 CM보드,subway_psd,subway_light,15000000,true,서울 서초구 신반포로 194 고속터미널역 대합실
cmp3v92yy000004jr7i6ykgy1,골프장 미디어바 광고,mobile,transit,subway_station,골프장 미디어바,subway_psd,static_other,15000000,true,"경기도 용인, 파주, 이천, 가평 주요 골프장"
cmqsts4as00030aku9se9w9l2,"공덕역 지하철 5,7호선 CM보드 조명 광고 (인쇄)",static,transit,subway_station,지하철 CM보드,subway_psd,subway_light,15000000,true,서울 마포구 마포대로 92 공덕역 대합실
cmqstp5bx00030bkn0xs830xg,공덕역 지하철 5호선 CM보드 영상 광고 (디지털),digital,transit,subway_station,지하철 CM보드,subway_psd,subway_light,15000000,true,서울 마포구 마포대로 92 공덕역 대합실
cmqrnc9uw00010bj7wh5uteyv,공항철도 개찰구 래핑 Full Package 광고,static,transit,subway_station,개찰구 래핑,subway_psd,airport,15000000,true,"공항철도 전 역사 (서울역, 공덕역, 홍대입구역, DMC역, 마곡나루역, 김포공항역, 계양역, 검암역, 청라국제도시역, 영종역, 운서역, 화물청사역, 인천국제공항T1역, 인천국제공항T2역)"
cmqrpy6vh00030ai366l1xgkn,공항철도 검암역 개찰구 래핑 광고,static,transit,subway_station,개찰구 래핑,subway_psd,airport,15000000,true,인천 서구 검암로 123 검암역 공항철도 개찰구
cmrm54gsp000005jv1s4w13bi,공항철도 검암역 디지털사이니지 광고,digital,transit,subway_station,공항철도 디지털사이니지,subway_psd,airport,15000000,true,인천 서구 검암로 지하 4 검암역 공항철도 역사
cmqrpvzn200010ai3wthj2nhw,공항철도 계양역 개찰구 래핑 광고,static,transit,subway_station,개찰구 래핑,subway_psd,airport,15000000,true,인천 계양구 계양대로 123 계양역 공항철도 개찰구
cmqrpszqp00020bj9kw9m7lzw,공항철도 공덕역 개찰구 래핑 광고,static,transit,subway_station,개찰구 래핑,subway_psd,airport,15000000,true,서울 마포구 마포대로 92 공덕역 공항철도 개찰구
cmrm4dkze001j0ahtritqcahk,공항철도 공덕역 디지털사이니지 광고,digital,transit,subway_station,공항철도 디지털사이니지,subway_psd,airport,15000000,true,서울 마포구 마포대로 지하 92 공덕역 공항철도 역사
cmqrpnxqa00000bj9zhwkdlpj,공항철도 김포공항역 개찰구 래핑 광고,static,transit,subway_station,개찰구 래핑,subway_psd,airport,15000000,true,김포시 하늘길 77 김포공항역 공항철도 개찰구
cmrm4vdkj002f04ky05j2tcez,공항철도 김포공항역 디지털사이니지 광고,digital,transit,subway_station,공항철도 디지털사이니지,subway_psd,airport,15000000,true,서울 강서구 하늘길 112 김포공항역 공항철도 역사
cmqrp9jnr00000bksl9e6g9fq,공항철도 디지털미디어시티역 개찰구 래핑,static,transit,subway_station,개찰구 래핑,subway_psd,airport,15000000,true,서울 마포구 매봉산로 31 디지털미디어시티역 공항철도 개찰구
cmrm4l6j7001c04jvgxdenwp8,공항철도 디지털미디어시티역 디지털사이니지 광고,digital,transit,subway_station,공항철도 디지털사이니지,subway_psd,airport,15000000,true,서울 마포구 성암로 지하 210 디지털미디어시티역 공항철도 역사
cmqrpktcl00010bje7r3329op,공항철도 마곡나루역 개찰구 래핑 광고,static,transit,subway_station,개찰구 래핑,subway_psd,airport,15000000,true,서울 강서구 마곡중앙로 161-18 마곡나루역 공항철도 개찰구
cmqrouzqm00000bgh3hmh6sza,공항철도 서울역 개찰구 래핑 광고,static,transit,subway_station,개찰구 래핑,subway_psd,airport,15000000,true,서울 중구 한강대로 405 서울역 공항철도 개찰구
cmrm47dry00010ahtq1bssgdg,공항철도 서울역 디지털사이니지 광고,digital,transit,subway_station,공항철도 디지털사이니지,subway_psd,airport,15000000,true,서울 용산구 한강대로 405 서울역 공항철도 역사
cmofprkck000204jr5ij37udz,공항철도 서울역 랩핑 무빙워크 핸드레일 광고,static,transit,subway_station,지하철,subway_psd,airport,15000000,true,서울 용산구 한강대로 지하 392 (A구역)
cmqrlupi5000004jmjc2l7wil,"공항철도 서울역 무빙워크 핸드레일 A,B구역 패키지 광고",static,transit,subway_station,패키지 래핑,subway_psd,airport,15000000,true,서울 중구 한강대로 405 서울역 공항철도 승강장 무빙워크 구간
cmqrmn6dd000d0bkxnyv1k95o,공항철도 서울역 에스컬레이터 광고 ④ (지하1층~지하2층),static,transit,subway_station,에스컬레이터 래핑,subway_psd,airport,15000000,true,서울 중구 한강대로 405 서울역 지하1층~지하2층 에스컬레이터
cmqrmo26a000f0bkxmar02m9t,공항철도 서울역 에스컬레이터 광고 ⑤ (지하2층~지하3층),static,transit,subway_station,에스컬레이터 래핑,subway_psd,airport,15000000,true,서울 중구 한강대로 405 서울역 지하2층~지하3층 에스컬레이터
cmqrm5szv00040bksfoyxzrth,공항철도 서울역 에스컬레이터 광고③ (지하상층~지상1층),static,transit,subway_station,에스컬레이터 래핑,subway_psd,airport,15000000,false,서울 중구 한강대로 405 서울역 지하상층~지상1층 에스컬레이터
cmqrm0mvd000004jl7ca3zr6b,공항철도 서울역 지하3층 환승 구간 광고,static,transit,subway_station,래핑,subway_psd,airport,15000000,true,서울 중구 한강대로 405 서울역 지하3층 환승 구간
cmofq1dky000204l50loidtiq,공항철도 서울역 E/S 핸드레일 랩핑 광고,static,transit,subway_station,지하철,subway_psd,airport,15000000,false,서울 용산구 한강대로 지하 392 (B3-B6 E/S 유리면)
cmqrp2sdo000204levvkf0tp6,공항철도 인천공항T1역 개찰구 래핑 광고,static,transit,subway_station,개찰구 래핑,subway_psd,airport,15000000,true,인천 중구 공항로 272 인천국제공항 제1여객터미널 공항철도 개찰구
cmqrp5lq8000004i8dr4ysajj,공항철도 인천공항T2역 개찰구 래핑 광고,static,transit,subway_station,개찰구 래핑,subway_psd,airport,15000000,true,인천 중구 제2터미널대로 446 인천국제공항 제2여객터미널 공항철도 개찰구
cmrm5a2pl000004ievne55oex,공항철도 인천국제공항 T1 디지털사이니지 광고,digital,transit,subway_station,공항철도 디지털사이니지,subway_psd,airport,15000000,true,인천 중구 공항로 272 인천국제공항 제1터미널 공항철도 역사
cmqror59000000bi04kjwjkmf,공항철도 주요 역사 개찰구 래핑 패키지 광고,static,transit,subway_station,개찰구 래핑,subway_psd,subway_light,15000000,true,"공항철도 주요 8개 역사 (서울역, 공덕역, 홍대입구역, DMC역, 마곡나루역, 김포공항역, 인천공항T1역, 인천공항T2역)"
cmqqtssxl000204jy0p8pkyo8,공항철도 홍대입구역 3번 출구 랩핑 패키지 광고,static,transit,subway_station,패키지 래핑,subway_psd,airport,15000000,true,서울 마포구 양화로 지하 188 홍대입구역 3번 출구 (연트럴파크·연남동 방향)
cmqqtzlk6000d04lktvd4qq11,공항철도 홍대입구역 3번 출구 코너 래핑 광고,static,transit,subway_station,래핑,subway_psd,airport,15000000,true,서울 마포구 양화로 지하 188 홍대입구역 3번 출구 코너 구간
cmqqu3jmw000404jslayiqp5s,공항철도 홍대입구역 4번 출구 패키지 광고,static,transit,subway_station,패키지 래핑,subway_psd,airport,15000000,true,서울 마포구 양화로 지하 188 홍대입구역 4번 출구 (AK플라자·CGV 연남 방향)
cmqrozlqf00000bi1voky1g6s,공항철도 홍대입구역 개찰구 래핑 광고,static,transit,subway_station,개찰구 래핑,subway_psd,airport,15000000,true,서울 마포구 양화로 지하 188 홍대입구역 공항철도 개찰구
cmrm4g35k001q0ahtz7m2ph5f,공항철도 홍대입구역 디지털사이니지 광고,digital,transit,subway_station,공항철도 디지털사이니지,subway_psd,airport,15000000,true,서울 마포구 양화로 지하 188 홍대입구역 공항철도 역사
cmqqu75fp000704js9nhywx9p,공항철도 홍대입구역 중앙통로 벽면 패키지 광고,static,transit,subway_station,패키지 래핑,subway_psd,airport,15000000,true,서울 마포구 양화로 지하 188 홍대입구역 중앙통로 벽면 구간
cmqqtj8lq000104l4xr4ajz0v,공항철도 홍대입구역 환승통로 무인워크 패키지 광고,static,transit,subway_station,패키지 래핑,subway_psd,airport,15000000,true,서울 마포구 양화로 지하 188 홍대입구역 환승 통로 무인워크 구간
cmqt7egdr000104l54jc6hrmc,광역전철 스티커 + 듀얼 LCD Full Package 광고,static,transit,subway_station,광역전철 PSD,subway_psd,subway_light,15000000,true,"서울 수도권 10개 역사 (신도림, 선릉, 용산, 부평, 안양, 수원, 영등포, 가산디지털단지, 구로, 서현)"
cmqi7afly000804jjt8wtzifh,광주 지하철 디지털포스터 광고,digital,transit,subway_station,디지털포스터,subway_psd,subway_light,15000000,true,"광주광역시 남광주역, 문화전당역, 운천역, 상무역, 광주송정역"
cmqstjkkk00060aku4v2cv9am,광화문역 지하철 5호선 CM보드 영상 광고 (디지털),digital,transit,subway_station,지하철 CM보드,subway_psd,subway_light,15000000,true,서울 종로구 세종대로 167 광화문역 대합실
cmqstx2v500000bkkde7vct8z,광화문역 지하철 5호선 CM보드 조명 광고 (인쇄),static,transit,subway_station,지하철 CM보드,subway_psd,subway_light,15000000,true,서울 종로구 세종대로 167 광화문역 대합실
cmqsv0neh00010akoov4irdgn,"군자역 지하철 5,7호선 CM보드 조명 광고 (인쇄)",static,transit,subway_station,지하철 CM보드,subway_psd,subway_light,15000000,true,서울 광진구 천호대로 550 군자역 대합실
cmqsu9e6100010akgzaq59o3l,노원역 지하철 7호선 CM보드 영상 광고 (디지털),digital,transit,subway_station,지하철 CM보드,subway_psd,subway_light,15000000,true,서울 노원구 상계로 193 노원역 대합실
cmqsu0fln00010ajgr8ygq0q5,노원역 지하철 7호선 CM보드 조명 광고 (인쇄),static,transit,subway_station,지하철 CM보드,subway_psd,subway_light,15000000,true,서울 노원구 상계로 193 노원역 대합실
cmqsuzrfj000109jfjhjkjgaf,논현역 지하철 7호선 CM보드 영상 광고 (디지털),static,transit,subway_station,지하철 CM보드,subway_psd,subway_light,15000000,true,서울 강남구 논현로 566 논현역 대합실
cmqsutcos000104kvqvo0eua1,논현역 지하철 7호선 CM보드 조명 광고 (인쇄),static,transit,subway_station,지하철 CM보드,subway_psd,subway_light,15000000,true,서울 강남구 논현로 566 논현역 대합실
cmp3v3xr3000004l1y1t0e90v,달고T 차량 광고,mobile,transit,subway_station,이동형 LED 차량,subway_psd,static_other,15000000,false,서울 도심 주요 도로 및 상권
cmp0s6j1k000204kv8as2j496,대구 반월당역 사각기둥 광고,static,transit,subway_station,지하철 사각기둥,subway_psd,static_other,15000000,true,대구광역시 중구 달구벌대로 지하 2100 반월당역 2호선 사각기둥
cmoy5jrdi000004i9543h9wb9,대구 지하철 3호선 동대구역 대합실 디지털미디어 광고,digital,transit,subway_station,지하철,subway_psd,subway_light,15000000,true,대구 동구 동대구로 550
cmp0g6lhz000804ieyfz5ywk1,도산대로 MZ 캔버스 옥탑 광고,static,transit,subway_station,옥상빌보드,subway_psd,bus_exterior,15000000,true,서울 강남구 도산대로 539
cmr0p4wk6000004ky6mjvw3qb,디지털 사각기둥 (PSP) 지하철 광고,digital,transit,subway_station,지하철 디지털 사각기둥 DOOH,subway_psd,subway_light,15000000,true,"서울 지하철 1~5호선 23개 역사 (강남, 홍대입구, 신사, 고속터미널, 여의도, 광화문 등)"
cmqsuok4v000004juzcg0peji,목동역 지하철 5호선 CM보드 영상 광고 (디지털),digital,transit,subway_station,지하철 CM보드,subway_psd,subway_light,15000000,true,서울 양천구 목동로 343 목동역 대합실
cmqsuikmp00000ajajxoeuga5,목동역 지하철 5호선 CM보드 조명 광고 (인쇄),static,transit,subway_station,지하철 CM보드,subway_psd,subway_light,15000000,true,서울 양천구 목동로 343 목동역 대합실
cmrem2d1n000104l9xon1ob7t,부산 서면역 미디어필러 사각기둥 광고,digital,transit,subway_station,지하철,subway_psd,static_other,15000000,true,부산 부산진구 중앙대로 지하 730
cmrelhkca000204l1goz4prsz,부산 지하철 1호선 서면역 디지털 사이니지 광고,digital,transit,subway_station,지하철,subway_psd,subway_light,15000000,true,부산 부산진구 중앙대로 지하 730
cmrellqsm000t04l51u2snadu,부산 지하철 1호선 서면역 디지털 사이니지 메인 환승 광고,digital,transit,subway_station,지하철,subway_psd,subway_light,15000000,true,부산 부산진구 중앙대로 지하 730
cmqjeyajd000004l4dwomu4yv,부산 지하철 2호선  원형기둥 광고,static,transit,subway_station,지하철,subway_psd,subway_light,15000000,true,부산 해운대구·남구·북구 지하철역 내
cmqjfh4oi000104l5cg8v9wwo,부산 지하철 2호선 벽면조명 광고,static,transit,subway_station,지하철,subway_psd,subway_light,15000000,true,부산 전역 지하철역 내 (국제금융센터역 별도)
cmqjeji35000104jy8yz3inre,부산 지하철 2호선 사각기둥 광고,static,transit,subway_station,지하철,subway_psd,subway_light,15000000,true,부산 사상구·수영구·해운대구 지하철역 내
cmoy5ebht000004jsf0jfv9ql,부산 지하철 2호선 사상역 디지털사이니지 광고,digital,transit,subway_station,지하철,subway_psd,subway_light,15000000,true,부산 사상구 사상로 지하 203
cmrelp345000c04iepnfxrrem,부산 지하철 2호선 서면역 디지털 사이니지 광고,digital,transit,subway_station,지하철,subway_psd,subway_light,15000000,true,부산 부산진구 중앙대로 지하 730
cmrem8pug000104ky4xujze1y,부산 지하철 2호선 서면역 디지털 사이니지 메인 환승 기둥 광고,digital,transit,subway_station,지하철,subway_psd,subway_light,15000000,true,부산 부산진구 중앙대로 지하 730
cmoxs4gur000004jvno4skc1n,부산 지하철 2호선 센텀시티역 디지털사이니지 광고,digital,transit,subway_station,지하철,subway_psd,subway_light,15000000,true,부산 해운대구 센텀남대로 지하 76
cmrwnxxai000204l4d26usy38,부산도시철도 1·2호선 승강장 PDV (전체 턴키) 광고,digital,transit,subway_station,지하철 승강장 PDV,subway_psd,static_other,15000000,true,부산광역시 도시철도 1·2호선 23개 역사 승강장
cmrerp29p000504l80rhvkqc2,부산도시철도 1·2호선 승강장 PDV 광고,digital,transit,subway_station,지하철,subway_psd,static_other,15000000,true,부산 도시철도 1·2호선 승강장 (23개역)
cmqp7sr5k000004jpyzaczfao,분당선 압구정로데오역 헬로 로데오 DS 광고,digital,transit,subway_station,디지털사이니지,subway_psd,static_other,15000000,true,서울 강남구 압구정로 402 지하 1층 대합실
cmqzask0o000004jvjc51e6pq,삼성역 코엑스몰 인피니트 로드 광고 (복제),digital,transit,subway_station,미디어월,subway_psd,static_other,15000000,true,서울 강남구 테헤란로 지하 538 코엑스몰
cmqsvhtww000104jp9zlj1cnn,상봉역 지하철 7호선 CM보드 영상 광고 (디지털),digital,transit,subway_station,지하철 CM보드,subway_psd,subway_light,15000000,true,서울 중랑구 상봉로 131 상봉역 대합실
cmqsvbk3t00010ajjekxwyx5h,상봉역 지하철 7호선 CM보드 조명 광고 (인쇄),static,transit,subway_station,지하철 CM보드,subway_psd,subway_light,15000000,true,서울 중랑구 상봉로 131 상봉역 대합실
cmox1l6tx000204kysagmp1v8,성수역 디지털 성수15 2호선 지하철 광고,digital,transit,subway_station,지하철,subway_psd,subway_light,15000000,true,서울특별시 성동구 아차산로 100 (SEONGSU15)
cmp02l3j3000a04kzv5z1nxc7,센트럴시티 언더월드 패브릭10,static,transit,subway_station,라이트박스,subway_psd,static_other,15000000,false,서울 서초구 신반포로 176 센트럴시티
cmocx14zb000004l05j30gdrc,스타필드 하남점 미디어타워 & 파노라마 스크린 광고,digital,transit,subway_station,쇼핑몰 LED,subway_psd,static_other,15000000,true,경기도 하남시 신장동 616 스타필드 하남
cmp0ekqf0000004l2it1jt0my,신사 메가 센트로(확장) 랩핑 광고,static,transit,subway_station,외벽래핑,subway_psd,static_other,15000000,true,서울 강남구 강남대로 606 메가센트로
cmp0eu15v000204jsjrn73r5c,신사 메가센트로 옥탑 광고,static,transit,subway_station,옥상빌보드,subway_psd,static_other,15000000,true,서울 강남구 강남대로 606 메가센트로
cmqsve0ds00000ajffvsoi5xm,어린이대공원역 지하철 7호선 CM보드 영상 광고 (디지털),digital,transit,subway_station,지하철 CM보드,subway_psd,subway_light,15000000,true,서울 광진구 능동로 216 어린이대공원역 대합실
cmqsv94cy00030bjcnuxvei3k,어린이대공원역 지하철 7호선 CM보드 조명 광고 (인쇄),static,transit,subway_station,지하철 CM보드,subway_psd,subway_light,15000000,true,서울 광진구 능동로 216 어린이대공원역 대합실
cmqst9336000209kp6u0huka5,여의도역 지하철 5호선 CM보드 영상 광고 (디지털),digital,transit,subway_station,지하철 CM보드,subway_psd,subway_light,15000000,true,서울 영등포구 여의대로 24 여의도역 대합실
cmqstczzv00030ajnxs3isw5w,여의도역 지하철 5호선 CM보드 조명 광고 (인쇄),static,transit,subway_station,지하철 CM보드,subway_psd,subway_light,15000000,true,서울 영등포구 여의대로 24 여의도역 대합실
cmqsulaol00020ajauq5iu3yo,연신내역 지하철 6호선 CM보드 영상 광고 (디지털),digital,transit,subway_station,지하철 CM보드,subway_psd,subway_light,15000000,true,서울 은평구 통일로 880 연신내역 대합실
cmqsu3gft000804jf6ewuxdij,연신내역 지하철 6호선 CM보드 조명 광고 (인쇄),static,transit,subway_station,지하철 CM보드,subway_psd,subway_light,15000000,true,서울 은평구 통일로 880 연신내역 대합실
cmqsusov9000209jmzrlv0wp3,영등포구청역 지하철 5호선 CM보드 영상 광고 (디지털),digital,transit,subway_station,지하철 CM보드,subway_psd,subway_light,15000000,true,서울 영등포구 당산로 2 영등포구청역 대합실
cmqsulxgk000109kpyg6pnczr,영등포구청역 지하철 5호선 CM보드 조명 광고 (인쇄),static,transit,subway_station,지하철 CM보드,subway_psd,subway_light,15000000,true,서울 영등포구 당산로 2 영등포구청역 대합실
cmquvbwf1000704jmqk1dnx35,오목교역 지하철 5호선 CM보드 영상 광고 (디지털),digital,transit,subway_station,지하철 CM보드,subway_psd,subway_light,15000000,true,서울 양천구 목동로 245 오목교역 대합실
cmqsu272r000104l2a83ci39o,왕십리역 지하철 5호선 CM보드 영상 광고 (디지털),digital,transit,subway_station,지하철 CM보드,subway_psd,subway_light,15000000,true,서울 성동구 왕십리로 410 왕십리역 대합실
cmqstuyl1000004jqlgi2wjeh,왕십리역 지하철 5호선 CM보드 조명 광고 (인쇄),static,transit,subway_station,지하철 CM보드,subway_psd,subway_light,15000000,true,서울 성동구 왕십리로 410 왕십리역 대합실
cmqsvtycf00000akixutq6exw,을지로4가역 지하철 5호선 CM보드 영상 광고 (디지털),digital,transit,subway_station,지하철 CM보드,subway_psd,subway_light,15000000,true,서울 중구 을지로 245 을지로4가역 대합실
cmqsvljxg00020ajbbzl4u9p2,을지로4가역 지하철 5호선 CM보드 조명 광고 (인쇄),static,transit,subway_station,지하철 CM보드,subway_psd,subway_light,15000000,true,서울 중구 을지로 245 을지로4가역 대합실
cmp0g7wc8000a04ieq9xemdiu,인천 터미널역 커브드 광고,digital,transit,subway_station,커브드 LED,subway_psd,static_other,15000000,true,인천 미추홀구 예술로 지하 85 인천터미널역
cmocwp83j000004jydnleh4qj,인천 파라다이스시티 쓰리 윈도우 미디어 광고,digital,transit,subway_station,쇼핑몰 LED,subway_psd,static_other,15000000,true,인천광역시 중구 영종해안남로321번길 186 파라다이스시티 플라자
cmozef5v4000404l21zc780sn,인천공항 T1 Center Bridge,digital,transit,subway_station,공항 DOOH,subway_psd,airport,15000000,false,인천광역시 중구 공항로 271
cmp0ghi1y000k04ib74b3zpz2,인천지하철 1호선 계양역 디지털사이니지 (디지털포스터) 광고,digital,transit,subway_station,지하철 디지털사이니지,subway_psd,subway_light,15000000,true,인천광역시 계양구 계양역
cmrwirjcs000504jlnlr684lo,인천지하철 1호선 디지털사이니지 전체 턴키 (7개 역사) 광고,digital,transit,subway_station,지하철 디지털사이니지,subway_psd,subway_light,15000000,true,인천광역시 인천지하철 1호선 7개 역사
cmp0geb4p000i04ibjncqsfya,인천지하철 1호선 부평구청역 디지털사이니지 (디지털포스터) 광고,digital,transit,subway_station,지하철 디지털사이니지,subway_psd,subway_light,15000000,true,인천광역시 부평구 부평구청역
cmp0gi5je000g04jile8iqnr5,인천지하철 1호선 부평역 디지털사이니지 (디지털포스터) 광고,digital,transit,subway_station,지하철 디지털사이니지,subway_psd,subway_light,15000000,true,인천광역시 부평구 부평역
cmp0gd45o000c04ji4usu8p0e,인천지하철 1호선 예술회관역 디지털사이니지 (디지털포스터) 광고,digital,transit,subway_station,지하철 디지털사이니지,subway_psd,subway_light,15000000,true,인천광역시 남동구 예술회관역
cmp0gjlox000m04ib37h33kgd,인천지하철 1호선 원인재역 디지털사이니지 (디지털포스터) 광고,digital,transit,subway_station,지하철 디지털사이니지,subway_psd,subway_light,15000000,true,인천광역시 연수구 원인재역
cmrwgei4j000b04lat8caj53b,인천지하철 1호선 인천시청역 I-SCREEN 영상광고,digital,transit,subway_station,지하철 LED 영상광고,subway_psd,subway_light,15000000,true,인천광역시 남동구 인천시청역
cmrwib77h000m04l28pi9b6ro,인천지하철 1호선 인천터미널역 디지털사이니지 (디지털포스터) 광고,digital,transit,subway_station,지하철 디지털사이니지,subway_psd,subway_light,15000000,true,인천광역시 미추홀구 인천터미널역
cmp0gg9e3000e04jicm5nl221,인천지하철 1호선 작전역 디지털사이니지 (디지털포스터) 광고,digital,transit,subway_station,지하철 디지털사이니지,subway_psd,subway_light,15000000,true,인천광역시 계양구 작전역
cmrwfnosu000m04laknk1lk46,인천지하철 1호선 테크노파크역 I-SCREEN 영상광고,digital,transit,subway_station,지하철 LED 영상광고,subway_psd,subway_light,15000000,true,인천광역시 연수구 테크노파크역
cmrwfuh1b000g04lghb3kaxkg,인천지하철 2호선 검암역 I-SCREEN 영상광고,digital,transit,subway_station,지하철 LED 영상광고,subway_psd,subway_light,15000000,true,인천광역시 서구 검암역
cmrwg26u0000104l20ofjcxkk,인천지하철 2호선 주안역 I-SCREEN 영상광고,digital,transit,subway_station,지하철 LED 영상광고,subway_psd,subway_light,15000000,true,인천광역시 미추홀구 주안역
cmqssg7q5000004jy5bn2s2ap,잠실역 지하철 8호선 CM보드 영상 광고 (디지털),digital,transit,subway_station,지하철 CM보드,subway_psd,subway_light,15000000,true,서울 송파구 올림픽로 265 잠실역 대합실 (지하1층·지하2층)
cmqssshal00000aj56oar1bmt,잠실역 지하철 8호선 CM보드 조명 광고 (인쇄),static,transit,subway_station,지하철 CM보드,subway_psd,subway_light,15000000,true,서울 송파구 올림픽로 265 잠실역 대합실 (지하1층·지하2층)
cmqsvaxtt00000ajjtiqzo55d,장지역 지하철 8호선 CM보드 영상 광고 (디지털),digital,transit,subway_station,지하철 CM보드,subway_psd,subway_light,15000000,true,서울 송파구 위례성대로 200 장지역 대합실
cmqsv4rvb000609jf6hie6u56,장지역 지하철 8호선 CM보드 조명 광고 (인쇄),static,transit,subway_station,지하철 CM보드,subway_psd,subway_light,15000000,true,서울 송파구 위례성대로 200 장지역 대합실
cmqstdweo000009htvl12i0a3,종로3가역 지하철 5호선 CM보드 영상 광고 (디지털),digital,transit,subway_station,지하철 CM보드,subway_psd,subway_light,15000000,true,서울 종로구 종로 129 종로3가역 대합실
cmqstg2ic00000aj8tktimqip,종로3가역 지하철 5호선 CM보드 조명 광고 (인쇄),static,transit,subway_station,지하철 CM보드,subway_psd,subway_light,15000000,true,서울 종로구 종로 129 종로3가역 대합실
cmqt8uxhu000104l85230nc2r,지하철 1호선 가산디지털단지역 스크린도어 광고,static,transit,subway_station,광역전철 PSD,subway_psd,subway_psd,15000000,true,서울 금천구 벚꽃로 309 가산디지털단지역 광역전철 승강장
cmqt8t5j800010aj4pqv7m3lq,지하철 1호선 구로역 스크린도어 광고,static,transit,subway_station,광역전철 PSD,subway_psd,subway_psd,15000000,true,서울 구로구 구로중앙로 174 구로역 광역전철 승강장
cmqt906rj00000ajlt4lmwchi,지하철 1호선 부평역 스크린도어 광고,static,transit,subway_station,광역전철 PSD,subway_psd,subway_psd,15000000,true,인천 부평구 광장로 16 부평역 광역전철 승강장
cmssusm16000l04jrumoa55de,지하철 1호선 서울역 엔스퀘어 광고,digital,transit,subway_station,지하철,subway_psd,subway_light,15000000,true,서울특별시 중구 한강대로 지하 405 (서울역)
cmqt8yhvq000304k4vb3iastd,지하철 1호선 수원역 스크린도어 광고,static,transit,subway_station,광역전철 PSD,subway_psd,subway_psd,15000000,true,경기 수원시 권선구 서부로 1640 수원역 광역전철 승강장
cms72ocgq000004l8z3zkuop8,지하철 1호선 시청역 맥스비전 광고,digital,transit,subway_station,지하철 LCD,subway_psd,subway_light,15000000,true,서울특별시 중구 시청역 (1호선)
cmssuxcz7000i04i3l8zooazn,지하철 1호선 시청역 엔스퀘어 광고,digital,transit,subway_station,지하철,subway_psd,subway_light,15000000,true,서울특별시 중구 세종대로 지하 110 (시청역)
cmqt8rfzr00000akpugmx34qt,지하철 1호선 신도림역 스크린도어 광고,static,transit,subway_station,광역전철 PSD,subway_psd,subway_psd,15000000,true,서울 구로구 경인로 662 신도림역 광역전철 승강장
cmqt8wujs000004ie7vrf66b6,지하철 1호선 안양역 스크린도어 광고,static,transit,subway_station,광역전철 PSD,subway_psd,subway_psd,15000000,true,경기 안양시 만안구 안양로 281 안양역 광역전철 승강장
cmqt8p7ce00000aht6emxr7oz,지하철 1호선 영등포역 스크린도어 광고,static,transit,subway_station,광역전철 PSD,subway_psd,subway_psd,15000000,true,서울 영등포구 경인로 846 영등포역 광역전철 승강장
cmqt8fdte00000ajdvcly2y87,지하철 1호선 용산역 스크린도어 광고,static,transit,subway_station,광역전철 PSD,subway_psd,subway_psd,15000000,true,서울 용산구 한강대로 23 용산역 광역전철 승강장
cmssve4i6000004l966rzty5a,지하철 1호선 종각역 엔스퀘어 광고,digital,transit,subway_station,지하철,subway_psd,subway_light,15000000,true,서울특별시 종로구 종로 지하 55 (종각역)
cmssvdycc001c04i3l8orpw1u,지하철 1호선 종로3가역 엔스퀘어 광고,digital,transit,subway_station,지하철,subway_psd,subway_light,15000000,true,서울특별시 종로구 종로 지하 129 (종로3가역)
cmssv86ki000w04jrd1qk8p6v,지하철 1호선 종로3가역 엔스퀘어 광고,digital,transit,subway_station,지하철,subway_psd,subway_light,15000000,true,서울특별시 종로구 종로 지하 129 (종로3가역)
cms7d8drw000x04jlbomogrol,지하철 2호선 강남역 맥스비전 광고,digital,transit,subway_station,지하철 LCD,subway_psd,subway_light,15000000,true,서울특별시 강남구 강남역 (2호선)
cmoeiqs47000004k7n7mp111t,지하철 2호선 강남역 미디어월 광고,digital,transit,subway_station,지하철,subway_psd,subway_light,15000000,true,서울 강남구 강남대로 지하 396
cmofpvqak000204jrmhjsdgk7,지하철 2호선 강남역 아트래핑 지하철 광고,digital,transit,subway_station,지하철,subway_psd,subway_light,15000000,true,서울 강남구 강남대로 지하 396 강남역
cmoifvxb6000604jxmw7b3ov7,지하철 2호선 강남역 아트캔버스 광고,digital,transit,subway_station,지하철,subway_psd,subway_light,15000000,true,서울 강남구 강남대로 지하 396
cmpdvixn0000104jre8fcrabz,지하철 2호선 강남역 아트플랫폼 광고,digital,transit,subway_station,지하철,subway_psd,subway_light,15000000,true,서울 강남구 강남대로 지하 396
cmssvgvt5000304ldgc898el9,지하철 2호선 강남역 엔스퀘어 광고,digital,transit,subway_station,지하철,subway_psd,subway_light,15000000,true,서울특별시 강남구 강남대로 지하 396 (강남역)
cmoforsto000004jrjawzqx3y,지하철 2호선 강남역 PMP 광고,digital,transit,subway_station,지하철,subway_psd,subway_light,15000000,true,서울 강남구 강남대로 지하 396 강남역
cms8auokt002l04jt9hfy8a4x,지하철 2호선 건대입구역 맥스비전 광고,digital,transit,subway_station,지하철,subway_psd,subway_light,15000000,true,서울 광진구 아차산로 243 (건대입구역 7-2호선 환승통로 계단 벽면)
cmssviih4000004jrvyhnxl7h,지하철 2호선 건대입구역 엔스퀘어 광고,digital,transit,subway_station,지하철,subway_psd,subway_light,15000000,true,서울특별시 광진구 아차산로 지하 243 (건대입구역)
cmssvstt0000004jr7tp1rbdv,지하철 2호선 교대역 엔스퀘어 광고,digital,transit,subway_station,지하철,subway_psd,subway_light,15000000,true,서울특별시 서초구 서초대로 지하 294 (교대역)
cms7cf6r7000b04i0g72y61qf,지하철 2호선 구로디지털단지역 맥스비전 광고,digital,transit,subway_station,지하철 LCD,subway_psd,subway_light,15000000,true,서울특별시 구로구 구로디지털단지역 (2호선)
cmssw6hqh000004iftnsedovm,지하철 2호선 구로디지털단지역 엔스퀘어 광고,digital,transit,subway_station,지하철,subway_psd,subway_light,15000000,true,서울특별시 구로구 도림천로 지하 2 (구로디지털단지역)
cms7by1uz001f04i9uez550di,지하철 2호선 대림역 맥스비전 광고,digital,transit,subway_station,지하철 LCD,subway_psd,subway_light,15000000,true,서울특별시 구로구 대림역 (2호선)
cmsswa2kr000004jtk7wkv9q6,지하철 2호선 동대문역사문화공원역 엔스퀘어 광고,digital,transit,subway_station,지하철,subway_psd,subway_light,15000000,true,서울특별시 중구 을지로 지하 279 (동대문역사문화공원역)
cmp3biu21000004l8a8ijkh9c,지하철 2호선 메트로라이브 광고,digital,transit,subway_station,지하철 차내 디지털,subway_psd,subway_light,15000000,true,서울 지하철 2호선 내·외선 열차 내부 (총 70면성)
cms7cxwdg000604kyi4epi3tu,지하철 2호선 사당역 맥스비전 광고,digital,transit,subway_station,지하철 LCD,subway_psd,subway_light,15000000,true,서울특별시 동작구 사당역 (2·4호선)
cmssx7mtt000004l7ltwy8jg8,지하철 2호선 사당역 엔스퀘어 광고,digital,transit,subway_station,지하철,subway_psd,subway_light,15000000,true,서울특별시 동작구 남부순환로 지하 2089 (사당역)
cms8acjaq001g04jxb9udagk4,지하철 2호선 삼성역 맥스비전 광고,digital,transit,subway_station,지하철 LCD,subway_psd,subway_light,15000000,true,서울특별시 강남구 삼성역 (2호선)
cmsswbsqk000104jts3jleei9,지하철 2호선 삼성역 엔스퀘어 광고,digital,transit,subway_station,지하철,subway_psd,subway_light,15000000,true,서울특별시 강남구 테헤란로 지하 538 (삼성역)
cms7cpp85000e04jm72xswkrv,지하철 2호선 서울대입구역 맥스비전 광고,digital,transit,subway_station,지하철 LCD,subway_psd,subway_light,15000000,true,서울특별시 관악구 서울대입구역 (2호선)
cms89h3fg000t04lcajlrjc8b,지하철 2호선 선릉역 맥스비전 광고,digital,transit,subway_station,지하철,subway_psd,subway_light,15000000,true,"서울 강남구 테헤란로 지하 340 (선릉역 1·10번 출구, 개찰구 벽면, 캐노피)"
cmsswdyll000104jxek16x3rs,지하철 2호선 선릉역 엔스퀘어 광고,digital,transit,subway_station,지하철,subway_psd,subway_light,15000000,true,서울특별시 강남구 테헤란로 지하 340 (선릉역)
cmox1ngef000204l7whv03uj2,지하철 2호선 성수역 엔스퀘어 광고,digital,transit,subway_station,지하철,subway_psd,subway_light,15000000,true,서울특별시 성동구 아차산로 100
cms7346b8000504l685xotesy,지하철 2호선 신도림역 맥스비전 광고,digital,transit,subway_station,지하철 LCD,subway_psd,subway_light,15000000,true,서울특별시 구로구 신도림역 (2호선)
cmsswgvky000004kyr5t48npu,지하철 2호선 신도림역 엔스퀘어 광고,digital,transit,subway_station,지하철,subway_psd,subway_light,15000000,true,서울특별시 구로구 경인로 지하 661 (신도림역)
cms7cmnak000h04jlwlgu1viw,지하철 2호선 신림역 맥스비전 광고,digital,transit,subway_station,지하철 LCD,subway_psd,subway_light,15000000,true,서울특별시 관악구 신림역 (2호선)
cmsswkoqx000604jtqwlq45bp,지하철 2호선 신림역 엔스퀘어 광고,digital,transit,subway_station,지하철,subway_psd,subway_light,15000000,true,서울특별시 관악구 남부순환로 지하 1613 (신림역)
cmofpcsf0000004le5ynd6i5a,지하철 2호선 신촌역 디지털포스터 광고,digital,transit,subway_station,지하철,subway_psd,subway_light,15000000,true,서울 마포구 신촌로 지하 90
cms72qgtp000704l8rnpada6s,지하철 2호선 신촌역 맥스비전 광고,digital,transit,subway_station,지하철 LCD,subway_psd,subway_light,15000000,true,서울특별시 서대문구 신촌역 (2호선)
cmrs0ktz9000704jvhrsyu61b,지하철 2호선 역삼역 맥스비전 광고,digital,transit,subway_station,지하철 디지털 캐노피,subway_psd,subway_light,15000000,true,서울 강남구 테헤란로 지하 156 역삼역 대합실
cmssxciu3000204l7kli6su45,지하철 2호선 역삼역 엔스퀘어 광고,digital,transit,subway_station,지하철,subway_psd,subway_light,15000000,true,서울특별시 강남구 테헤란로 지하 156 (역삼역)
cmssxiklt000204juf3dw64l5,지하철 2호선 영등포구청역 엔스퀘어 광고,digital,transit,subway_station,지하철,subway_psd,subway_light,15000000,true,서울특별시 영등포구 당산로 지하 13 (영등포구청역)
cms8b0uq1000304jxb5ame5z8,지하철 2호선 을지로3가역 맥스비전 광고,digital,transit,subway_station,지하철,subway_psd,subway_light,15000000,true,서울 중구 을지로 지하 106 (을지로3가역 3-2호선 환승 통로 벽면)
cmssxo5ap000804juo6dm2le4,지하철 2호선 을지로3가역 엔스퀘어 광고,digital,transit,subway_station,지하철,subway_psd,subway_light,15000000,true,서울특별시 중구 을지로 지하 179 (을지로3가역)
cms8b3u23000504jle7glznwo,지하철 2호선 을지로입구역 맥스비전 광고,digital,transit,subway_station,지하철,subway_psd,subway_light,15000000,true,서울 중구 을지로 지하 42 (을지로입구역 롯데백화점 개찰구 벽면)
cmssy1tys000604jsya9x1d8f,지하철 2호선 을지로입구역 엔스퀘어 광고,digital,transit,subway_station,지하철,subway_psd,subway_light,15000000,true,서울특별시 중구 을지로 지하 42 (을지로입구역)
cms8anrz3000j04ied2ork84a,지하철 2호선 잠실역 맥스비전 광고,digital,transit,subway_station,지하철,subway_psd,subway_light,15000000,true,"서울 송파구 올림픽로 지하 265 (잠실역 환승통로변 및 1번출구 기둥, 벽면)"
cmssy58mh000s04l8yx4b9wtt,지하철 2호선 잠실역 엔스퀘어 광고,digital,transit,subway_station,지하철,subway_psd,subway_light,15000000,true,서울특별시 송파구 올림픽로 지하 265 (잠실역)
cmssy7qqu000a04jsuhez6xsu,지하철 2호선 합정역 엔스퀘어 광고,digital,transit,subway_station,지하철,subway_psd,subway_light,15000000,true,서울특별시 마포구 양화로 지하 55 (합정역)
cms72xkay000p04l19xweeenl,지하철 2호선 홍대입구역 맥스비전 광고,digital,transit,subway_station,지하철 LCD,subway_psd,subway_light,15000000,true,서울특별시 마포구 홍대입구역 (2호선)
cmoidrv5h000004l596jxzu89,지하철 2호선 홍대입구역 아트래핑 광고,digital,transit,subway_station,지하철,subway_psd,subway_light,15000000,true,서울 마포구 양화로 지하 160 홍대입구역
cmoiflen9000204jx0zmaey1i,지하철 2호선 홍대입구역 아트캔버스 광고,digital,transit,subway_station,지하철,subway_psd,subway_light,15000000,true,서울 마포구 양화로 지하 160
cmssychda000e04js5ao9fhv7,지하철 2호선 홍대입구역 엔스퀘어 광고,digital,transit,subway_station,지하철,subway_psd,subway_light,15000000,true,서울특별시 마포구 양화로 지하 188 (홍대입구역)
cms8bvgrc000b04jpu7y9eowy,지하철 3호선 고속터미널역 맥스비전 광고,digital,transit,subway_station,지하철,subway_psd,subway_light,15000000,true,"서울 서초구 신반포로 지하 188 (고속터미널역 2-7호선 환승 통로 벽면, 캐노피)"
cmssybqd9000c04js0ctwh5rz,지하철 3호선 고속터미널역 엔스퀘어 광고,digital,transit,subway_station,지하철,subway_psd,subway_light,15000000,true,서울특별시 서초구 신반포로 지하 188 (고속터미널역)
cms8c1s16000i04jxvpi1q4jl,지하철 3호선 교대역 맥스비전 광고,digital,transit,subway_station,지하철,subway_psd,subway_light,15000000,true,서울 서초구 서초대로 지하 294 (교대역 2-3호선 환승 통로 벽면)
cmst0zeiq000i04js3mbyjcds,지하철 3호선 교대역 엔스퀘어 광고,digital,transit,subway_station,지하철,subway_psd,subway_light,15000000,true,서울특별시 서초구 서초대로 지하 294 (교대역)
cmrs0zarf000004l7u3fws8ql,지하철 3호선 수서역 맥스비전 광고,digital,transit,subway_station,지하철 디지털 기둥,subway_psd,subway_light,15000000,true,서울 강남구 광평로 지하 270 수서역 SRT 환승통로
cms8bs3ux000804jx1yn5npgp,지하철 3호선 신사역 맥스비전 광고,digital,transit,subway_station,지하철,subway_psd,subway_light,15000000,true,서울 강남구 도산대로 지하 102 (신사역 가로수길 방면 계단 벽면)
cmssyjcz1000004l5ps9iv6pc,지하철 3호선 신사역 엔스퀘어 광고,digital,transit,subway_station,지하철,subway_psd,subway_light,15000000,true,서울특별시 강남구 도산대로 지하 102 (신사역)
cmrs16cuc000004l4sbr2m4tl,지하철 3호선 압구정역 맥스비전 광고,digital,transit,subway_station,지하철 디지털 벽면,subway_psd,subway_light,15000000,true,서울 강남구 압구정로 지하 172 압구정역 대합실 통로
cmssynzfz000w04l8hmz0y5eh,지하철 3호선 압구정역 엔스퀘어 광고,digital,transit,subway_station,지하철,subway_psd,subway_light,15000000,true,서울특별시 강남구 압구정로 지하 165 (압구정역)
cmssyswse000204l5dh6ooq4v,지하철 3호선 양재역 엔스퀘어 광고,digital,transit,subway_station,지하철,subway_psd,subway_light,15000000,true,서울특별시 서초구 남부순환로 지하 2585 (양재역)
cmssyqjkr000y04l80ymy3kbo,지하철 3호선 충무로역 엔스퀘어 광고,digital,transit,subway_station,지하철,subway_psd,subway_light,15000000,true,서울특별시 중구 퇴계로 지하 199 (충무로역)
cmssz03ue000304l5573qtaxd,지하철 4호선 동대문역 엔스퀘어 광고,digital,transit,subway_station,지하철,subway_psd,subway_light,15000000,true,서울특별시 종로구 종로 지하 302 (동대문역)
cms8cb5wj000204jwdvnaj4fr,지하철 4호선 동대문역사문화공원역 맥스비전 광고,digital,transit,subway_station,지하철,subway_psd,subway_light,15000000,true,"서울 중구 을지로 지하 279 (동대문역사문화공원역 2-4-5호선 벽면, 캐노피)"
cmssz4rd3000604l51uc1pom7,지하철 4호선 동대문역사문화공원역 엔스퀘어 광고,digital,transit,subway_station,지하철,subway_psd,subway_light,15000000,true,서울특별시 중구 을지로 지하 279 (동대문역사문화공원역)
cmssz6fns000704l5gu4q2wf7,지하철 4호선 명동역 엔스퀘어 광고,digital,transit,subway_station,지하철,subway_psd,subway_light,15000000,true,서울특별시 중구 퇴계로 지하 126 (명동역)
cmssz94kh000904l5mqlxnsgy,지하철 4호선 서울역 엔스퀘어 광고,digital,transit,subway_station,지하철,subway_psd,subway_light,15000000,true,서울특별시 중구 한강대로 지하 405 (서울역)
cmsszbcn0000h04l5vxhb76si,지하철 4호선 신용산역 엔스퀘어 광고,digital,transit,subway_station,지하철,subway_psd,subway_light,15000000,true,서울특별시 용산구 한강대로 지하 257 (신용산역)
cmsszdjbl000304jv4vlrs72q,지하철 4호선 총신대입구역 엔스퀘어 광고,digital,transit,subway_station,지하철,subway_psd,subway_light,15000000,true,서울특별시 동작구 동작대로 지하 3 (총신대입구역)
cmssywvbx001004l8mg6d15mc,지하철 4호선 충무로역 엔스퀘어 광고,digital,transit,subway_station,지하철,subway_psd,subway_light,15000000,true,서울특별시 중구 퇴계로 지하 199 (충무로역)
cms8cgv73000804jpcbn7x5zl,지하철 4호선 혜화역 맥스비전 광고,digital,transit,subway_station,지하철,subway_psd,subway_light,15000000,true,서울 종로구 대학로 지하 120 (혜화역 1·2번 출구 벽면)
cmsszfdr2000m04l50ypx4jbt,지하철 4호선 혜화역 엔스퀘어 광고,digital,transit,subway_station,지하철,subway_psd,subway_light,15000000,true,서울특별시 종로구 대학로 지하 120 (혜화역)
cmsszhm51000o04l580w0vkvw,지하철 4호선 회현역 엔스퀘어 광고,digital,transit,subway_station,지하철,subway_psd,subway_light,15000000,true,서울특별시 중구 퇴계로 지하 54 (회현역)
cmqsv7bre000009kkdgl0yg4g,"지하철 5,7호선 군자역 CM보드 영상 광고 (디지털)",digital,transit,subway_station,지하철 CM보드,subway_psd,subway_light,15000000,true,서울 광진구 천호대로 550 군자역 대합실
cmqsrz8n300000ajiqljoibbc,지하철 5678호선 CM보드 Full Package 광고,digital,transit,subway_station,지하철 CM보드,subway_psd,subway_light,15000000,true,"서울 지하철 5·6·7·8호선 25개 대표 역사 (목동, 오목교, 여의도, 공덕, 광화문, 종로3가, 합정, 건대입구, 잠실 등)"
cmsszpu61001e04l8glfkcpjz,지하철 5호선 광화문역 엔스퀘어 광고,digital,transit,subway_station,지하철,subway_psd,subway_light,15000000,true,서울특별시 종로구 세종대로 지하 172 (광화문역)
cmsszjx2v000504jvrhk2st9z,지하철 5호선 마포역 엔스퀘어 광고,digital,transit,subway_station,지하철,subway_psd,subway_light,15000000,true,서울특별시 마포구 마포대로 지하 136 (마포역)
cmsszlw41000p04l5hrdlgt8y,지하철 5호선 서대문역 엔스퀘어 광고,digital,transit,subway_station,지하철,subway_psd,subway_light,15000000,true,서울특별시 서대문구 통일로 지하 120 (서대문역)
cmssznxmw000r04l5ctyx5oqj,지하철 5호선 여의도역 엔스퀘어 광고,digital,transit,subway_station,지하철,subway_psd,subway_light,15000000,true,서울특별시 영등포구 여의나루로 지하 40 (여의도역)
cmquva07z000104jm83ve58cu,지하철 5호선 오목교역 CM보드 조명 광고 (인쇄),static,transit,subway_station,지하철 CM보드,subway_psd,subway_light,15000000,true,서울 양천구 목동로 245 오목교역 대합실
cmsszrk8r000s04l5l99etet1,지하철 6호선 공덕역 엔스퀘어 광고,digital,transit,subway_station,지하철,subway_psd,subway_light,15000000,true,서울특별시 마포구 마포대로 지하 92 (공덕역)
cmsszuei5000u04l546i1lxl3,지하철 6호선 연신내역 엔스퀘어 광고,digital,transit,subway_station,지하철,subway_psd,subway_light,15000000,true,서울특별시 은평구 연서로 지하 137 (연신내역)
cmst07lna000204jwzek8w0cm,지하철 7호선 가산디지털단지역 엔스퀘어 광고,digital,transit,subway_station,지하철,subway_psd,subway_light,15000000,true,서울특별시 금천구 가산디지털1로 지하 168 (가산디지털단지역)
cmqsuq16d000009jm80iv63qr,지하철 7호선 강남구청역 CM보드 조명 광고 (인쇄),static,transit,subway_station,지하철 CM보드,subway_psd,subway_light,15000000,true,서울 강남구 학동로 402 강남구청역 대합실
cmst05ifo000004jwhner9bql,지하철 7호선 건대입구역 엔스퀘어 광고,digital,transit,subway_station,지하철,subway_psd,subway_light,15000000,true,서울특별시 광진구 능동로 지하 110 (건대입구역)
cmst0ah4a000404jwq945exjp,지하철 7호선 고속터미널역 엔스퀘어 광고,digital,transit,subway_station,지하철,subway_psd,subway_light,15000000,true,서울특별시 서초구 신반포로 지하 188 (고속터미널역)
cmst03vuh000504ibusispq5i,지하철 7호선 노원역 엔스퀘어 광고,digital,transit,subway_station,지하철,subway_psd,subway_light,15000000,true,서울특별시 노원구 동일로 지하 1401 (노원역)
cmst0dedm000604jwypa3qbp8,지하철 7호선 대림역 엔스퀘어 광고,digital,transit,subway_station,지하철,subway_psd,subway_light,15000000,true,서울특별시 영등포구 도림로 지하 151 (대림역)
cmst0fvzx000804jwszm1d5mw,지하철 7호선 사가정역 엔스퀘어 광고,digital,transit,subway_station,지하철,subway_psd,subway_light,15000000,true,서울특별시 중랑구 면목로 지하 363 (사가정역)
cmst0idld000004jsqcqos2w8,지하철 7호선 상봉역 엔스퀘어 광고,digital,transit,subway_station,지하철,subway_psd,subway_light,15000000,true,서울특별시 중랑구 망우로 지하 297 (상봉역)
cmst0ksay000904l7pjp57jsn,지하철 7호선 어린이대공원역 엔스퀘어 광고,digital,transit,subway_station,지하철,subway_psd,subway_light,15000000,true,서울특별시 광진구 능동로 지하 210 (어린이대공원역)
cmst0mhr1000104l8wiysxaao,지하철 7호선 총신대입구역 엔스퀘어 광고,digital,transit,subway_station,지하철,subway_psd,subway_light,15000000,true,서울특별시 동작구 동작대로 지하 3 (총신대입구역)
cmst0oz5z000d04jsw3gz1v49,지하철 8호선 문정역 엔스퀘어 광고,digital,transit,subway_station,지하철,subway_psd,subway_light,15000000,true,서울특별시 송파구 문정로 지하 172 (문정역)
cmst0r1nq000f04jsb53ihoxu,지하철 8호선 잠실역 엔스퀘어 광고,digital,transit,subway_station,지하철,subway_psd,subway_light,15000000,true,서울특별시 송파구 올림픽로 지하 265 (잠실역)
cmp0eza7s000204jim80t8ymo,지하철 9호선 고속터미널역 캔버스9 광고,digital,transit,subway_station,지하철 캔버스9 디지털 미디어,subway_psd,subway_light,15000000,true,서울 서초구 반포동 고속터미널역 (9호선)
cmp0ezyna000004ient8k3ogh,지하철 9호선 노량진역 캔버스9 광고,digital,transit,subway_station,지하철 캔버스9 디지털 미디어,subway_psd,subway_light,15000000,true,서울 동작구 노량진동 노량진역 (9호선)
cmp0eypg9000004jikad7yrxu,지하철 9호선 신논현역 캔버스9 광고,digital,transit,subway_station,지하철 캔버스9 디지털 미디어,subway_psd,subway_light,15000000,true,서울 강남구 신논현동 신논현역 (9호선)
cmp0f0hei000404l2jhaokr9d,지하철 9호선 여의도역 캔버스9 광고,digital,transit,subway_station,지하철 캔버스9 디지털 미디어,subway_psd,subway_light,15000000,true,서울 영등포구 여의도동 여의도역 (9호선)
cmrc4mbhk000004kwk9eaxjy1,지하철 9호선 캔버스9 광고 Turn-Key (4개역 통합),digital,transit,subway_station,지하철 디지털 미디어 턴키,subway_psd,subway_light,15000000,true,서울 지하철 9호선 여의도역·노량진역·고속터미널역·신논현역 (4개역 통합)
cmqqtdzpo000004kyxgyff2ct,지하철 공항철도 홍대입구역 환승통로 래핑 벽면 광고  ①-3,static,transit,subway_station,래핑,subway_psd,subway_light,15000000,true,서울 마포구 양화로 지하 188 홍대입구역 환승 통로 ①-3
cmqqt0pwz000004i9us0i97w1,지하철 공항철도 홍대입구역 환승통로 래핑 벽면 광고 ①-1,static,transit,subway_station,래핑,subway_psd,subway_light,15000000,true,서울 마포구 양화로 지하 188 홍대입구역 환승 통로 ①-1
cmqqt9jz8000204i94ezv23xv,지하철 공항철도 홍대입구역 환승통로 래핑 벽면 광고 ①-2,static,transit,subway_station,래핑,subway_psd,subway_light,15000000,true,서울 마포구 양화로 지하 188 홍대입구역 환승 통로 ①-2
cmrx4slkh001804jp9nhh25fl,지하철 디지털 스크린도어(PSD) 광고,digital,transit,subway_station,스크린도어,subway_psd,subway_psd,15000000,true,서울 지하철 2~6호선 14개 역사 승강장 스크린도어
cms725rov00030aj213mgy6q5,지하철 맥스비전 전체역사 턴키 광고,digital,transit,subway_station,지하철 LCD,subway_psd,subway_light,15000000,true,"서울 1~4호선 핵심 25개 역사 (시청, 신촌, 홍대입구, 신도림, 대림, 구로디지털단지, 신림, 서울대입구, 사당, 강남, 역삼, 선릉, 삼성, 잠실, 건대입구, 왕십리, 을지로3가, 을지로입구, 압구정, 신사, 고속터미널, 교대, 수서, 동대문역사문화공원, 혜화)"
cmqt92hbl00040ajlfvekhvmn,지하철 분당선 서현역 스크린도어 광고,static,transit,subway_station,광역전철 PSD,subway_psd,subway_psd,15000000,true,경기 성남시 분당구 서현로 210 서현역 광역전철 승강장
cmqt91cbu00030ajlgq94wfcr,지하철 분당선 선릉역 스크린도어 광고,static,transit,subway_station,광역전철 PSD,subway_psd,subway_psd,15000000,true,서울 강남구 테헤란로 340 선릉역 광역전철 승강장
cmqafnkt6000004jo47xxvcrb,지하철 신분당선 강남역 미디어가든 광고,digital,transit,subway_station,디지털 사이니지,subway_psd,subway_light,15000000,true,서울특별시 강남구 강남대로 396
cmp3csmb2000004l43sen816g,지하철 신분당선 메트로 라이브 광고,mobile,transit,subway_station,열차 내부 디지털 사이니지,subway_psd,subway_light,15000000,true,"신분당선 전 열차 (강남, 양재, 판교, 영통 등)"
cmpxgdyzc000004jsicuh4bvb,지하철 신분당선 판교역 미디어가든 광고,digital,transit,subway_station,미디어가든,subway_psd,subway_light,15000000,true,경기도 성남시 분당구 판교역로 지하 160 판교역 지하 1층 중앙 광장
cmst3icyr000104jmse6sx2kv,지하철 엔스퀘어 전체역사 All in One Pack 광고,digital,transit,subway_station,지하철,subway_psd,subway_light,15000000,true,서울 지하철 1~8호선 54개 역사 (승강장·대합실·환승통로·스크린도어 상단)
cms89dhdk001j04jxkrmgzj23,지하철2호선 왕십리역 맥스비전 광고,digital,transit,subway_station,지하철,subway_psd,subway_light,15000000,true,서울 성동구 왕십리로 지하 300 (왕십리역 6번출구 벽면)
cmqsuxgmu00010akq6pgm99bi,천호역 지하철 5호선 CM보드 광고 (인쇄),static,transit,subway_station,지하철 CM보드,subway_psd,subway_light,15000000,true,서울 강동구 천호대로 997 천호역 대합실
cmqsv3mrk000309kl1g5v8m6k,천호역 지하철 5호선 CM보드 영상 광고 (디지털),digital,transit,subway_station,지하철 CM보드,subway_psd,subway_light,15000000,true,서울 강동구 천호대로 997 천호역 대합실
cmqsvkrpn00010ajbc1df31sc,철산역 지하철 7호선 CM보드 영상 광고 (디지털),digital,transit,subway_station,지하철 CM보드,subway_psd,subway_light,15000000,true,경기 광명시 철산로 21 철산역 대합실
cmqsvfqun00010ajf9igcanhx,철산역 지하철 7호선 CM보드 조명 광고 (인쇄),static,transit,subway_station,지하철 CM보드,subway_psd,subway_light,15000000,true,경기 광명시 철산로 21 철산역 대합실
cmp3v7v99000204l1gdoodg2q,택시 미디어바 광고,mobile,transit,subway_station,택시 미디어바,subway_psd,bus_exterior,15000000,true,"서울, 제주, 전주, 춘천, 포항, 경주, 목포, 청주, 세종 전역 택시 노선"
cmqste6hy00000akoxccqnmi5,합정역 지하철 6호선 CM보드 영상 광고 (디지털),digital,transit,subway_station,지하철 CM보드,subway_psd,subway_light,15000000,true,서울 마포구 양화로 55 합정역 대합실
cmqstilj0000009j6ndxign8p,합정역 지하철 6호선 CM보드 조명 광고 (인쇄),static,transit,subway_station,지하철 CM보드,subway_psd,subway_light,15000000,true,서울 마포구 양화로 55 합정역 대합실
cmoy0vd5u000004jypwos0wsw,KTX창원역 현대메디빌딩 옥탑 광고,static,transit,subway_station,빌보드,subway_psd,static_other,15000000,false,경남 창원시 의창구 의창대로 72
cmp3v1nz5000004kzekccm73t,MOAD 차량 광고,mobile,transit,subway_station,트럭 외부 래핑,subway_psd,static_other,15000000,true,"전국 주요 도로망 (고속도로, 도심도로, 휴게소)"
